IATA,City,Timezone
GKA,Goroka,Pacific/Port_Moresby
MAG,Madang,Pacific/Port_Moresby
HGU,Mount Hagen,Pacific/Port_Moresby
LAE,Nadzab,Pacific/Port_Moresby
POM,Port Moresby,Pacific/Port_Moresby
WWK,Wewak,Pacific/Port_Moresby
UAK,Narssarssuaq,America/Nuuk
GOH,Godthaab,America/Nuuk
SFJ,Sondrestrom,America/Nuuk
THU,Thule,America/Thule
AEY,Akureyri,Atlantic/Reykjavik
EGS,Egilsstadir,Atlantic/Reykjavik
HFN,Hofn,Atlantic/Reykjavik
HZK,Husavik,Atlantic/Reykjavik
IFJ,Isafjordur,Atlantic/Reykjavik
KEF,Keflavik,Atlantic/Reykjavik
PFJ,Patreksfjordur,Atlantic/Reykjavik
RKV,Reykjavik,Atlantic/Reykjavik
SIJ,Siglufjordur,Atlantic/Reykjavik
VEY,Vestmannaeyjar,Atlantic/Reykjavik
YAM,Sault Sainte Marie,America/Toronto
YAY,St. Anthony,America/St_Johns
YAZ,Tofino,America/Vancouver
YBB,Pelly Bay,America/Cambridge_Bay
YBC,Baie Comeau,America/Toronto
YBG,Bagotville,America/Toronto
YBK,Baker Lake,America/Rankin_Inlet
YBL,Campbell River,America/Vancouver
YBR,Brandon,America/Winnipeg
YCB,Cambridge Bay,America/Cambridge_Bay
YCD,Nanaimo,America/Vancouver
YCG,Castlegar,America/Vancouver
YCH,Chatham,America/Moncton
YCL,Charlo,America/Moncton
YCO,Coppermine,America/Cambridge_Bay
YCT,Coronation,America/Edmonton
YCW,Chilliwack,America/Vancouver
YCY,Clyde River,America/Iqaluit
YZS,Coral Harbour,America/Atikokan
YDA,Dawson,America/Dawson
YDB,Burwash,America/Dawson
YDF,Deer Lake,America/St_Johns
YDL,Dease Lake,America/Vancouver
YDN,Dauphin,America/Winnipeg
YDQ,Dawson Creek,America/Dawson_Creek
YEG,Edmonton,America/Edmonton
YEK,Eskimo Point,America/Rankin_Inlet
YEN,Estevan,America/Regina
YET,Edson,America/Edmonton
YEU,Eureka,America/Atikokan
YEV,Inuvik,America/Inuvik
YFB,Iqaluit,America/Iqaluit
YFC,Fredericton,America/Moncton
YFE,Forestville,America/Toronto
YFO,Flin Flon,America/Winnipeg
YFR,Fort Resolution,America/Edmonton
YFS,Fort Simpson,America/Inuvik
YGK,Kingston,America/Toronto
YGL,La Grande Riviere,America/Toronto
YGP,Gaspe,America/Toronto
YGQ,Geraldton,America/Toronto
YGR,Iles De La Madeleine,America/Halifax
YHB,Hudson Bay,America/Regina
YHD,Dryden,America/Winnipeg
YHI,Holman Island,America/Edmonton
YHK,Gjoa Haven,America/Cambridge_Bay
YHM,Hamilton,America/Toronto
YHU,Montreal,America/Toronto
YHY,Hay River,America/Edmonton
YHZ,Halifax,America/Halifax
YIB,Atikokan,America/Atikokan
YIO,Pond Inlet,America/Iqaluit
YJN,St. Jean,America/Toronto
YJT,Stephenville,America/St_Johns
YKA,Kamloops,America/Vancouver
YKF,Waterloo,America/Toronto
YKL,Schefferville,America/Toronto
YKY,Kindersley,America/Swift_Current
YKZ,Toronto,America/Toronto
YLD,Chapleau,America/Toronto
YLJ,Meadow Lake,America/Swift_Current
YLL,Lloydminster,America/Edmonton
YLT,Alert,America/Iqaluit
YLW,Kelowna,America/Vancouver
YMA,Mayo,America/Whitehorse
YMJ,Moose Jaw,America/Regina
YMM,Fort Mcmurray,America/Edmonton
YMO,Moosonee,America/Toronto
YMW,Maniwaki,America/Toronto
YMX,Montreal,America/Toronto
YNA,Natashquan,America/Blanc-Sablon
YND,Gatineau,America/Toronto
YNM,Matagami,America/Toronto
YOC,Old Crow,America/Dawson
YOD,Cold Lake,America/Edmonton
YOJ,High Level,America/Edmonton
YOW,Ottawa,America/Toronto
YPA,Prince Albert,America/Regina
YPE,Peace River,America/Edmonton
YPG,Portage-la-prairie,America/Winnipeg
YPL,Pickle Lake,America/Atikokan
YPN,Port Menier,America/Toronto
YPQ,Peterborough,America/Toronto
YPR,Prince Pupert,America/Vancouver
YPY,Fort Chipewyan,America/Edmonton
YQA,Muskoka,America/Toronto
YQB,Quebec,America/Toronto
YQF,Red Deer Industrial,America/Edmonton
YQG,Windsor,America/Toronto
YQH,Watson Lake,America/Whitehorse
YQK,Kenora,America/Winnipeg
YQL,Lethbridge,America/Edmonton
YQM,Moncton,America/Moncton
YQQ,Comox,America/Vancouver
YQR,Regina,America/Regina
YQT,Thunder Bay,America/Toronto
YQU,Grande Prairie,America/Edmonton
YQV,Yorkton,America/Regina
YQW,North Battleford,America/Swift_Current
YQX,Gander,America/St_Johns
YQY,Sydney,America/Glace_Bay
YQZ,Quesnel,America/Vancouver
YRB,Resolute,America/Resolute
YRI,Riviere Du Loup,America/Toronto
YRJ,Roberval,America/Toronto
YRM,Rocky Mountain House,America/Edmonton
YRT,Rankin Inlet,America/Rankin_Inlet
YSB,Sudbury,America/Toronto
YSC,Sherbrooke,America/Toronto
YSJ,St. John,America/Moncton
YSM,Fort Smith,America/Edmonton
YSR,Nanisivik,America/Iqaluit
YSU,Summerside,America/Halifax
YSY,Sachs Harbour,America/Inuvik
YTE,Cape Dorset,America/Iqaluit
YTH,Thompson,America/Winnipeg
YTR,Trenton,America/Toronto
YTS,Timmins,America/Toronto
YTZ,Toronto,America/Toronto
YUB,Tuktoyaktuk,America/Inuvik
YUL,Montreal,America/Toronto
YUT,Repulse Bay,America/Rankin_Inlet
YUX,Hall Beach,America/Iqaluit
YUY,Rouyn,America/Toronto
YVC,La Ronge,America/Regina
YVG,Vermillion,America/Edmonton
YVM,Broughton Island,America/Iqaluit
YVO,Val D'or,America/Toronto
YVP,Quujjuaq,America/Toronto
YVQ,Norman Wells,America/Inuvik
YVR,Vancouver,America/Vancouver
YVT,Buffalo Narrows,America/Regina
YVV,Wiarton,America/Toronto
YWA,Petawawa,America/Toronto
YWG,Winnipeg,America/Winnipeg
YWK,Wabush,America/Goose_Bay
YWL,Williams Lake,America/Vancouver
YWY,Wrigley,America/Inuvik
YXC,Cranbrook,America/Edmonton
YXD,Edmonton,America/Edmonton
YXE,Saskatoon,America/Regina
YXH,Medicine Hat,America/Edmonton
YXJ,Fort Saint John,America/Dawson_Creek
YXL,Sioux Lookout,America/Winnipeg
YXP,Pangnirtung,America/Iqaluit
YXR,Earlton,America/Toronto
YXS,Prince George,America/Vancouver
YXT,Terrace,America/Vancouver
YXU,London,America/Toronto
YXX,Abbotsford,America/Vancouver
YXY,Whitehorse,America/Whitehorse
YYB,North Bay,America/Toronto
YYC,Calgary,America/Edmonton
YYD,Smithers,America/Vancouver
YYE,Fort Nelson,America/Fort_Nelson
YYF,Penticton,America/Vancouver
YYG,Charlottetown,America/Halifax
YYH,Spence Bay,America/Cambridge_Bay
YYJ,Victoria,America/Vancouver
YYL,Lynn Lake,America/Winnipeg
YYN,Swift Current,America/Swift_Current
YYQ,Churchill,America/Winnipeg
YYR,Goose Bay,America/Goose_Bay
YYT,St. John's,America/St_Johns
YYU,Kapuskasing,America/Toronto
YYW,Armstrong,America/Toronto
YYY,Mont Joli,America/Toronto
YYZ,Toronto,America/Toronto
YZD,Toronto,America/Toronto
YZE,Gore Bay,America/Toronto
YZF,Yellowknife,America/Edmonton
YZH,Slave Lake,America/Edmonton
YZP,Sandspit,America/Vancouver
YZR,Sarnia,America/Toronto
YZT,Port Hardy,America/Vancouver
YZU,Whitecourt,America/Edmonton
YZV,Sept-iles,America/Toronto
YZW,Teslin,America/Whitehorse
YZX,Greenwood,America/Halifax
ZFA,Faro,America/Whitehorse
ZFM,Fort Mcpherson,America/Inuvik
QLD,Blida,Africa/Algiers
BUJ,Bou Saada,Africa/Algiers
BJA,Bejaja,Africa/Algiers
ALG,Algier,Africa/Algiers
DJG,Djanet,Africa/Algiers
VVZ,Illizi,Africa/Algiers
TMR,Tamanrasset,Africa/Algiers
GJL,Jijel,Africa/Algiers
MZW,Mecheria,Africa/Algiers
AAE,Annaba,Africa/Algiers
CZL,Constantine,Africa/Algiers
TEE,Tebessa,Africa/Algiers
HRM,Tilrempt,Africa/Algiers
TID,Tiaret,Africa/Algiers
TIN,Tindouf,Africa/Algiers
CFK,Ech-cheliff,Africa/Algiers
TAF,Oran,Africa/Algiers
TLM,Tlemcen,Africa/Algiers
ORN,Oran,Africa/Algiers
BFW,Sidi Bel Abbes,Africa/Algiers
MUW,Ghriss,Africa/Algiers
AZR,Adrar,Africa/Algiers
BSK,Biskra,Africa/Algiers
ELG,El Golea,Africa/Algiers
GHA,Ghardaia,Africa/Algiers
HME,Hassi Messaoud,Africa/Algiers
INZ,In Salah,Africa/Algiers
TGR,Touggourt,Africa/Algiers
LOO,Laghouat,Africa/Algiers
TMX,Timimoun,Africa/Algiers
OGX,Ouargla,Africa/Algiers
IAM,Zarzaitine,Africa/Algiers
COO,Cotonou,Africa/Porto-Novo
OUA,Ouagadougou,Africa/Ouagadougou
BOY,Bobo-dioulasso,Africa/Ouagadougou
ACC,Accra,Africa/Accra
TML,Tamale,Africa/Accra
NYI,Sunyani,Africa/Accra
TKD,Takoradi,Africa/Accra
ABJ,Abidjan,Africa/Abidjan
BYK,Bouake,Africa/Abidjan
DJO,Daloa,Africa/Abidjan
HGO,Korhogo,Africa/Abidjan
MJC,Man,Africa/Abidjan
SPY,San Pedro,Africa/Abidjan
ASK,Yamoussoukro,Africa/Abidjan
ABV,Abuja,Africa/Lagos
AKR,Akure,Africa/Lagos
BNI,Benin,Africa/Lagos
CBQ,Calabar,Africa/Lagos
ENU,Enugu,Africa/Lagos
IBA,Ibadan,Africa/Lagos
ILR,Ilorin,Africa/Lagos
JOS,Jos,Africa/Lagos
KAD,Kaduna,Africa/Lagos
KAN,Kano,Africa/Lagos
MIU,Maiduguri,Africa/Lagos
MDI,Makurdi,Africa/Lagos
LOS,Lagos,Africa/Lagos
MXJ,Minna,Africa/Lagos
PHC,Port Hartcourt,Africa/Lagos
SKO,Sokoto,Africa/Lagos
YOL,Yola,Africa/Lagos
ZAR,Zaria,Africa/Lagos
MFQ,Maradi,Africa/Niamey
NIM,Niamey,Africa/Niamey
THZ,Tahoua,Africa/Niamey
AJY,Agadez,Africa/Niamey
ZND,Zinder,Africa/Niamey
MIR,Monastir,Africa/Tunis
TUN,Tunis,Africa/Tunis
GAF,Gafsa,Africa/Tunis
GAE,Gabes,Africa/Tunis
DJE,Djerba,Africa/Tunis
EBM,El Borma,Africa/Tunis
SFA,Sfax,Africa/Tunis
TOE,Tozeur,Africa/Tunis
LRL,Niatougou,Africa/Lome
LFW,Lome,Africa/Lome
ANR,Antwerp,Europe/Brussels
BRU,Brussels,Europe/Brussels
CRL,Charleroi,Europe/Brussels
KJK,Kortrijk-vevelgem,Europe/Brussels
LGG,Liege,Europe/Brussels
OST,Ostend,Europe/Brussels
OBL,Zoersel,Europe/Brussels
AOC,Altenburg,Europe/Berlin
IES,Riesa,Europe/Berlin
REB,Rechlin-laerz,Europe/Berlin
QXH,Schoenhagen,Europe/Berlin
BBH,Barth,Europe/Berlin
ZMG,Magdeburg,Europe/Berlin
CBU,Cottbus,Europe/Berlin
BER,Berlin,Europe/Berlin
DRS,Dresden,Europe/Berlin
ERF,Erfurt,Europe/Berlin
FRA,Frankfurt,Europe/Berlin
FMO,Munster,Europe/Berlin
HAM,Hamburg,Europe/Berlin
THF,Berlin,Europe/Berlin
CGN,Cologne,Europe/Berlin
DUS,Duesseldorf,Europe/Berlin
MUC,Munich,Europe/Berlin
NUE,Nuernberg,Europe/Berlin
LEJ,Leipzig,Europe/Berlin
SCN,Saarbruecken,Europe/Berlin
STR,Stuttgart,Europe/Berlin
TXL,Berlin,Europe/Berlin
HAJ,Hannover,Europe/Berlin
BRE,Bremen,Europe/Berlin
QEF,Egelsbach,Europe/Berlin
HHN,Hahn,Europe/Berlin
MHG,Mannheim,Europe/Berlin
EIB,Eisenach,Europe/Berlin
SGE,Siegerland,Europe/Berlin
XFW,Hamburg,Europe/Berlin
KEL,Kiel,Europe/Berlin
LBC,Luebeck,Europe/Berlin
ESS,Essen,Europe/Berlin
BFE,Bielefeld,Europe/Berlin
MGL,Moenchengladbach,Europe/Berlin
PAD,Paderborn,Europe/Berlin
DTM,Dortmund,Europe/Berlin
AGB,Augsburg,Europe/Berlin
OBF,Oberpfaffenhofen,Europe/Berlin
RBM,Straubing,Europe/Berlin
FDH,Friedrichshafen,Europe/Berlin
SZW,Parchim,Europe/Berlin
BYU,Bayreuth,Europe/Berlin
URD,Burg Feuerstein,Europe/Berlin
HOQ,Hof,Europe/Berlin
ZQW,Zweibruecken,Europe/Berlin
ZQL,Donaueschingen,Europe/Berlin
BWE,Braunschweig,Europe/Berlin
KSF,Kassel,Europe/Berlin
BRV,Bremerhaven,Europe/Berlin
EME,Emden,Europe/Berlin
WVN,Wilhelmshaven,Europe/Berlin
BMK,Borkum,Europe/Berlin
NRD,Norderney,Europe/Berlin
FLF,Flensburg,Europe/Berlin
GWT,Westerland,Europe/Berlin
KDL,Kardla,Europe/Tallinn
URE,Kuressaare,Europe/Tallinn
EPU,Parnu,Europe/Tallinn
TLL,Tallinn-ulemiste International,Europe/Tallinn
TAY,Tartu,Europe/Tallinn
ENF,Enontekio,Europe/Helsinki
KEV,Halli,Europe/Helsinki
HEM,Helsinki,Europe/Helsinki
HEL,Helsinki,Europe/Helsinki
HYV,Hyvinkaa,Europe/Helsinki
KTQ,Kitee,Europe/Helsinki
IVL,Ivalo,Europe/Helsinki
JOE,Joensuu,Europe/Helsinki
JYV,Jyvaskyla,Europe/Helsinki
KAU,Kauhava,Europe/Helsinki
KEM,Kemi,Europe/Helsinki
KAJ,Kajaani,Europe/Helsinki
KHJ,Kauhajoki,Europe/Helsinki
KOK,Kruunupyy,Europe/Helsinki
KAO,Kuusamo,Europe/Helsinki
KTT,Kittila,Europe/Helsinki
KUO,Kuopio,Europe/Helsinki
QLF,Vesivehmaa,Europe/Helsinki
LPP,Lappeenranta,Europe/Helsinki
MHQ,Mariehamn,Europe/Mariehamn
MIK,Mikkeli,Europe/Helsinki
OUL,Oulu,Europe/Helsinki
POR,Pori,Europe/Helsinki
RVN,Rovaniemi,Europe/Helsinki
SVL,Savonlinna,Europe/Helsinki
SOT,Sodankyla,Europe/Helsinki
TMP,Tampere,Europe/Helsinki
TKU,Turku,Europe/Helsinki
UTI,Utti,Europe/Helsinki
VAA,Vaasa,Europe/Helsinki
VRK,Varkaus,Europe/Helsinki
YLI,Ylivieska-raudaskyla,Europe/Helsinki
BFS,Belfast,Europe/London
ENK,Enniskillen,Europe/London
BHD,Belfast,Europe/London
LDY,Londonderry,Europe/London
BHX,Birmingham,Europe/London
CVT,Coventry,Europe/London
GLO,Golouchestershire,Europe/London
GBA,Pailton,Europe/London
MAN,Manchester,Europe/London
NQY,Newquai,Europe/London
LYE,Lyneham,Europe/London
YEO,Yeovilton,Europe/London
HAW,Haverfordwest,Europe/London
CWL,Cardiff,Europe/London
SWS,Swansea,Europe/London
BRS,Bristol,Europe/London
LPL,Liverpool,Europe/London
LTN,London,Europe/London
PLH,Plymouth,Europe/London
BOH,Bournemouth,Europe/London
SOU,Southampton,Europe/London
QLA,Lasham,Europe/London
ACI,Alderney,Europe/Guernsey
GCI,Guernsey,Europe/Guernsey
JER,Jersey,Europe/Jersey
ESH,Shoreham By Sea,Europe/London
BQH,Biggin Hill,Europe/London
LGW,London,Europe/London
LCY,London,Europe/London
FAB,Farnborough,Europe/London
BBS,Blackbushe,Europe/London
LHR,London,Europe/London
SEN,Southend,Europe/London
LYX,Lydd,Europe/London
MSE,Manston,Europe/London
CAX,Carlisle,Europe/London
BLK,Blackpool,Europe/London
HUY,Humberside,Europe/London
BWF,Barrow Island,Europe/London
LBA,Leeds,Europe/London
WRT,Warton,Europe/London
CEG,Hawarden,Europe/London
IOM,Isle Of Man,Europe/Isle_of_Man
NCL,Newcastle,Europe/London
MME,Teesside,Europe/London
EMA,East Midlands,Europe/London
KOI,Kirkwall,Europe/London
LSI,Sumburgh,Europe/London
WIC,Wick,Europe/London
ABZ,Aberdeen,Europe/London
INV,Inverness,Europe/London
GLA,Glasgow,Europe/London
EDI,Edinburgh,Europe/London
ILY,Islay,Europe/London
PIK,Prestwick,Europe/London
BEB,Benbecula,Europe/London
SCS,Scatsta,Europe/London
DND,Dundee,Europe/London
SYY,Stornoway,Europe/London
TRE,Tiree,Europe/London
ADX,Leuchars,Europe/London
LMO,Lossiemouth,Europe/London
CBG,Cambridge,Europe/London
NWI,Norwich,Europe/London
STN,London,Europe/London
EXT,Exeter,Europe/London
FZO,Bristol,Europe/London
OXF,Oxford,Europe/London
BEX,Benson,Europe/London
LKZ,Lakenheath,Europe/London
MHZ,Mildenhall,Europe/London
QUY,Wyton,Europe/London
FFD,Fairford,Europe/London
BZZ,Brize Norton,Europe/London
ODH,Odiham,Europe/London
NHT,Northolt,Europe/London
QCY,Coningsby,Europe/London
BEQ,Honington,Europe/London
SQZ,Scampton,Europe/London
HRT,Linton-on-ouse,Europe/London
WTN,Waddington,Europe/London
KNF,Marham,Europe/London
MPN,Mount Pleasant,Atlantic/Stanley
AMS,Amsterdam,Europe/Amsterdam
MST,Maastricht,Europe/Amsterdam
EIN,Eindhoven,Europe/Amsterdam
GRQ,Groningen,Europe/Amsterdam
GLZ,Gilze-rijen,Europe/Amsterdam
DHR,De Kooy,Europe/Amsterdam
LEY,Lelystad,Europe/Amsterdam
LWR,Leeuwarden,Europe/Amsterdam
RTM,Rotterdam,Europe/Amsterdam
UTC,Soesterberg,Europe/Amsterdam
ENS,Enschede,Europe/Amsterdam
LID,Valkenburg,Europe/Amsterdam
WOE,Woensdrecht,Europe/Amsterdam
ORK,Cork,Europe/Dublin
GWY,Galway,Europe/Dublin
DUB,Dublin,Europe/Dublin
NOC,Connaught,Europe/Dublin
KIR,Kerry,Europe/Dublin
SNN,Shannon,Europe/Dublin
SXL,Sligo,Europe/Dublin
WAT,Waterford,Europe/Dublin
AAR,Aarhus,Europe/Copenhagen
BLL,Billund,Europe/Copenhagen
CPH,Copenhagen,Europe/Copenhagen
EBJ,Esbjerg,Europe/Copenhagen
KRP,Karup,Europe/Copenhagen
BYR,Laeso,Europe/Copenhagen
MRW,Maribo,Europe/Copenhagen
ODE,Odense,Europe/Copenhagen
RKE,Copenhagen,Europe/Copenhagen
RNN,Ronne,Europe/Copenhagen
SGD,Soenderborg,Europe/Copenhagen
SKS,Skrydstrup,Europe/Copenhagen
SQW,Skive,Europe/Copenhagen
TED,Thisted,Europe/Copenhagen
FAE,Vagar,Atlantic/Faroe
STA,Stauning,Europe/Copenhagen
AAL,Aalborg,Europe/Copenhagen
LUX,Luxemburg,Europe/Luxembourg
AES,Alesund,Europe/Oslo
ANX,Andoya,Europe/Oslo
ALF,Alta,Europe/Oslo
BNN,Bronnoysund,Europe/Oslo
BOO,Bodo,Europe/Oslo
BGO,Bergen,Europe/Oslo
BJF,Batsfjord,Europe/Oslo
KRS,Kristiansand,Europe/Oslo
DLD,Geilo,Europe/Oslo
BDU,Bardufoss,Europe/Oslo
EVE,Harstad/Narvik,Europe/Oslo
VDB,Fagernes,Europe/Oslo
FRO,Floro,Europe/Oslo
OSL,Oslo,Europe/Oslo
HAU,Haugesund,Europe/Oslo
HAA,Hasvik,Europe/Oslo
KSU,Kristiansund,Europe/Oslo
KKN,Kirkenes,Europe/Oslo
FAN,Farsund,Europe/Oslo
MOL,Molde,Europe/Oslo
MJF,Mosjoen,Europe/Oslo
LKL,Lakselv,Europe/Oslo
NTB,Notodden,Europe/Oslo
OLA,Orland,Europe/Oslo
RRS,Roros,Europe/Oslo
RYG,Rygge,Europe/Oslo
LYR,Svalbard,Arctic/Longyearbyen
SKE,Skien,Europe/Oslo
SRP,Stord,Europe/Oslo
SSJ,Sandnessjoen,Europe/Oslo
TOS,Tromso,Europe/Oslo
TRF,Sandefjord,Europe/Oslo
TRD,Trondheim,Europe/Oslo
SVG,Stavanger,Europe/Oslo
GDN,Gdansk,Europe/Warsaw
KRK,Krakow,Europe/Warsaw
KTW,Katowice,Europe/Warsaw
POZ,Poznan,Europe/Warsaw
RZE,Rzeszow,Europe/Warsaw
SZZ,Szczecin,Europe/Warsaw
OSP,Slupsk,Europe/Warsaw
WAW,Warsaw,Europe/Warsaw
WRO,Wroclaw,Europe/Warsaw
IEG,Zielona Gora,Europe/Warsaw
RNB,Ronneby,Europe/Stockholm
GOT,Gothenborg,Europe/Stockholm
JKG,Joenkoeping,Europe/Stockholm
LDK,Lidkoping,Europe/Stockholm
GSE,Gothenborg,Europe/Stockholm
KVB,Skovde,Europe/Stockholm
THN,Trollhattan,Europe/Stockholm
KSK,Karlskoga,Europe/Stockholm
MXX,Mora,Europe/Stockholm
NYO,Stockholm,Europe/Stockholm
KID,Kristianstad,Europe/Stockholm
OSK,Oskarshamn,Europe/Stockholm
KLR,Kalkmar,Europe/Stockholm
MMX,Malmoe,Europe/Stockholm
HAD,Halmstad,Europe/Stockholm
VXO,Vaxjo,Europe/Stockholm
EVG,Sveg,Europe/Stockholm
GEV,Gallivare,Europe/Stockholm
HUV,Hudiksvall,Europe/Stockholm
KRF,Kramfors,Europe/Stockholm
LYC,Lycksele,Europe/Stockholm
SDL,Sundsvall,Europe/Stockholm
OER,Ornskoldsvik,Europe/Stockholm
KRN,Kiruna,Europe/Stockholm
SFT,Skelleftea,Europe/Stockholm
UME,Umea,Europe/Stockholm
VHM,Vilhelmina,Europe/Stockholm
AJR,Arvidsjaur,Europe/Stockholm
ORB,Orebro,Europe/Stockholm
VST,Vasteras,Europe/Stockholm
LLA,Lulea,Europe/Stockholm
ARN,Stockholm,Europe/Stockholm
BMA,Stockholm,Europe/Stockholm
BLE,Borlange,Europe/Stockholm
HLF,Hultsfred,Europe/Stockholm
GVX,Gavle,Europe/Stockholm
LPI,Linkoeping,Europe/Stockholm
NRK,Norrkoeping,Europe/Stockholm
EKT,Eskilstuna,Europe/Stockholm
VBY,Visby,Europe/Stockholm
SPM,Spangdahlem,Europe/Berlin
RMS,Ramstein,Europe/Berlin
GHF,Giebelstadt,Europe/Berlin
ZCN,Celle,Europe/Berlin
FRZ,Fritzlar,Europe/Berlin
ZNF,Hanau,Europe/Berlin
KZG,Kitzingen,Europe/Berlin
FCN,Nordholz,Europe/Berlin
GKE,Geilenkirchen,Europe/Berlin
RLG,Laage,Europe/Berlin
WBG,Schleswig,Europe/Berlin
WIE,Wiesbaden,Europe/Berlin
FEL,Fuerstenfeldbruck,Europe/Berlin
IGS,Ingolstadt,Europe/Berlin
GUT,Guetersloh,Europe/Berlin
ALJ,Alexander Bay,Africa/Johannesburg
AGZ,Aggeneys,Africa/Johannesburg
BIY,Bisho,Africa/Johannesburg
BFN,Bloemfontein,Africa/Johannesburg
CPT,Cape Town,Africa/Johannesburg
DUR,Durban,Africa/Johannesburg
ELS,East London,Africa/Johannesburg
FCB,Ficksburg,Africa/Johannesburg
GCJ,Johannesburg,Africa/Johannesburg
GRJ,George,Africa/Johannesburg
HRS,Harrismith,Africa/Johannesburg
HDS,Hoedspruit,Africa/Johannesburg
JNB,Johannesburg,Africa/Johannesburg
KXE,Klerksdorp,Africa/Johannesburg
KIM,Kimberley,Africa/Johannesburg
KMH,Kuruman,Africa/Johannesburg
KLZ,Kleinsee,Africa/Johannesburg
HLA,Johannesburg,Africa/Johannesburg
SDB,Langebaanweg,Africa/Johannesburg
LAY,Ladysmith,Africa/Johannesburg
MGH,Margate,Africa/Johannesburg
LLE,Malalane,Africa/Johannesburg
MZQ,Mkuze,Africa/Johannesburg
NCS,Newcastle,Africa/Johannesburg
OVG,Overberg,Africa/Johannesburg
OUH,Oudtshoorn,Africa/Johannesburg
PLZ,Port Elizabeth,Africa/Johannesburg
PBZ,Plettenberg Bay,Africa/Johannesburg
PHW,Phalaborwa,Africa/Johannesburg
JOH,Port Saint Johns,Africa/Johannesburg
PZB,Pietermaritzburg,Africa/Johannesburg
NTY,Pilanesberg,Africa/Johannesburg
PTG,Potgietersrus,Africa/Johannesburg
PCF,Potchefstroom,Africa/Johannesburg
UTW,Queenstown,Africa/Johannesburg
RCB,Richard's Bay,Africa/Johannesburg
ROD,Robertson,Africa/Johannesburg
SBU,Springbok,Africa/Johannesburg
ZEC,Secunda,Africa/Johannesburg
SIS,Sishen,Africa/Johannesburg
SZK,Skukuza,Africa/Johannesburg
LTA,Tzaneen,Africa/Johannesburg
ULD,Ulundi,Africa/Johannesburg
UTN,Upington,Africa/Johannesburg
UTT,Umtata,Africa/Johannesburg
VRU,Vryburg,Africa/Johannesburg
VIR,Durban,Africa/Johannesburg
VRE,Vredendal,Africa/Johannesburg
PRY,Pretoria,Africa/Johannesburg
WKF,Waterkloof,Africa/Johannesburg
FRW,Francistown,Africa/Gaborone
JWA,Jwaneng,Africa/Gaborone
BBK,Kasane,Africa/Gaborone
MUB,Maun,Africa/Gaborone
GBE,Gaberone,Africa/Gaborone
PKW,Selebi-phikwe,Africa/Gaborone
BZV,Brazzaville,Africa/Brazzaville
FTX,Owando,Africa/Brazzaville
OUE,Ouesso,Africa/Brazzaville
PNR,Pointe-noire,Africa/Brazzaville
MTS,Manzini,Africa/Mbabane
BGF,Bangui,Africa/Bangui
BBT,Berberati,Africa/Bangui
BSG,Bata,Africa/Malabo
SSG,Malabo,Africa/Malabo
ASI,Wide Awake,Atlantic/St_Helena
MRU,Plaisance,Indian/Mauritius
RRG,Rodriguez Island,Indian/Mauritius
NKW,Diego Garcia Island,Indian/Chagos
TKC,Tiko,Africa/Douala
DLA,Douala,Africa/Douala
MVR,Maroua,Africa/Douala
FOM,Foumban,Africa/Douala
NGE,N'gaoundere,Africa/Douala
GOU,Garoua,Africa/Douala
BFX,Bafoussam,Africa/Douala
BPC,Bamenda,Africa/Douala
YAO,Yaounde,Africa/Douala
CGJ,Kasompe,Africa/Lusaka
LVI,Livingstone,Africa/Lusaka
LUN,Lusaka,Africa/Lusaka
MFU,Mfuwe,Africa/Lusaka
MNR,Mongu,Africa/Lusaka
NLA,Ndola,Africa/Lusaka
KIW,Southdowns,Africa/Lusaka
HAH,Moroni,Indian/Comoro
NWA,Moheli,Indian/Comoro
AJN,Anjouan,Indian/Comoro
DZA,Dzaoudzi,Indian/Mayotte
RUN,St.-denis,Indian/Reunion
ZSE,St.-pierre,Indian/Reunion
TNR,Antananarivo,Indian/Antananarivo
ZVA,Miandrivazo,Indian/Antananarivo
SMS,Sainte Marie,Indian/Antananarivo
TMM,Toamasina,Indian/Antananarivo
MOQ,Morondava,Indian/Antananarivo
DIE,Antsiranana,Indian/Antananarivo
WMR,Mananara,Indian/Antananarivo
ZWA,Andapa,Indian/Antananarivo
AMB,Ambilobe,Indian/Antananarivo
ANM,Antalaha,Indian/Antananarivo
HVA,Analalava,Indian/Antananarivo
MJN,Mahajanga,Indian/Antananarivo
NOS,Nosy-be,Indian/Antananarivo
BPY,Besalampy,Indian/Antananarivo
WMN,Maroantsetra,Indian/Antananarivo
SVB,Sambava,Indian/Antananarivo
VOH,Vohemar,Indian/Antananarivo
WAI,Antsohihy,Indian/Antananarivo
IVA,Ampampamena,Indian/Antananarivo
FTU,Tolagnaro,Indian/Antananarivo
WFI,Fianarantsoa,Indian/Antananarivo
RVA,Farafangana,Indian/Antananarivo
WVK,Manakara,Indian/Antananarivo
MNJ,Mananjary,Indian/Antananarivo
MXM,Morombe,Indian/Antananarivo
TLE,Toliara,Indian/Antananarivo
SSY,M'banza-congo,Africa/Luanda
BUG,Benguela,Africa/Luanda
CAB,Cabinda,Africa/Luanda
NOV,Huambo,Africa/Luanda
SVP,Kuito,Africa/Luanda
LAD,Luanda,Africa/Luanda
MEG,Malanje,Africa/Luanda
SPP,Menongue,Africa/Luanda
GXG,Negage,Africa/Luanda
PBN,Porto Amboim,Africa/Luanda
VHC,Saurimo,Africa/Luanda
SZA,Soyo,Africa/Luanda
SDD,Lubango,Africa/Luanda
LUO,Luena,Africa/Luanda
UGO,Uige,Africa/Luanda
XGN,Xangongo,Africa/Luanda
OYE,Oyem,Africa/Libreville
OKN,Okondja,Africa/Libreville
LBQ,Lambarene,Africa/Libreville
BMM,Bitam,Africa/Libreville
POG,Port Gentil,Africa/Libreville
OMB,Omboue Hospial,Africa/Libreville
MKU,Makokou,Africa/Libreville
LBV,Libreville,Africa/Libreville
MVB,Franceville,Africa/Libreville
PCP,Principe,Africa/Sao_Tome
TMS,Sao Tome,Africa/Sao_Tome
BEW,Beira,Africa/Maputo
INH,Inhambane,Africa/Maputo
VXC,Lichinga,Africa/Maputo
LFB,Lumbo,Africa/Maputo
MPM,Maputo,Africa/Maputo
MUD,Mueda,Africa/Maputo
MZB,Mocimboa Da Praia,Africa/Maputo
MNC,Nacala,Africa/Maputo
APL,Nampula,Africa/Maputo
POL,Pemba,Africa/Maputo
UEL,Quelimane,Africa/Maputo
TET,Tete,Africa/Maputo
VNX,Vilankulu,Africa/Maputo
DES,Desroches,Indian/Mahe
SEZ,Mahe,Indian/Mahe
PRI,Praslin,Indian/Mahe
AEH,Abeche,Africa/Ndjamena
MQQ,Moundou,Africa/Ndjamena
NDJ,N'djamena,Africa/Ndjamena
FYT,Faya-largeau,Africa/Ndjamena
BUQ,Bulawayo,Africa/Harare
BFO,Chiredzi,Africa/Harare
VFA,Victoria Falls,Africa/Harare
HRE,Harare,Africa/Harare
KAB,Kariba,Africa/Harare
UTA,Mutare,Africa/Harare
MVZ,Masvingo,Africa/Harare
GWE,Gwert,Africa/Harare
HWN,Hwange National Park,Africa/Harare
BLZ,Blantyre,Africa/Blantyre
KGJ,Karonga,Africa/Blantyre
KBQ,Kasungu,Africa/Blantyre
LLW,Lilongwe,Africa/Blantyre
ZZU,Mzuzu,Africa/Blantyre
MSU,Maseru,Africa/Maseru
FIH,Kinshasa,Africa/Kinshasa
NLO,Kinshasa,Africa/Kinshasa
MNB,Muanda,Africa/Kinshasa
FDU,Bandoundu,Africa/Kinshasa
KKW,Kikwit,Africa/Kinshasa
MDK,Mbandaka,Africa/Kinshasa
BDT,Gbadolite,Africa/Kinshasa
GMA,Gemena,Africa/Kinshasa
KLI,Kotakoli,Africa/Kinshasa
LIQ,Lisala,Africa/Kinshasa
FKI,Kisangani,Africa/Lubumbashi
IRP,Isiro,Africa/Lubumbashi
BUX,Bunia,Africa/Lubumbashi
BZU,Buta Zega,Africa/Lubumbashi
BKY,Bukavu/kavumu,Africa/Lubumbashi
GOM,Goma,Africa/Lubumbashi
KND,Kindu,Africa/Lubumbashi
FBM,Lubumashi,Africa/Lubumbashi
KWZ,Kolwezi,Africa/Lubumbashi
FMI,Kalemie,Africa/Lubumbashi
KMN,Kamina Base,Africa/Lubumbashi
KGA,Kananga,Africa/Lubumbashi
MJM,Mbuji-mayi,Africa/Lubumbashi
BKO,Bamako,Africa/Bamako
GAQ,Gao,Africa/Bamako
KYS,Kayes,Africa/Bamako
MZI,Mopti,Africa/Bamako
TOM,Tombouctou,Africa/Bamako
BJL,Banjul,Africa/Banjul
FUE,Fuerteventura,Atlantic/Canary
VDE,Hierro,Atlantic/Canary
SPC,Santa Cruz De La Palma,Atlantic/Canary
LPA,Gran Canaria,Atlantic/Canary
ACE,Arrecife,Atlantic/Canary
TFS,Tenerife,Atlantic/Canary
TFN,Tenerife,Atlantic/Canary
MLN,Melilla,Africa/Ceuta
FNA,Freetown,Africa/Freetown
MLW,Monrovia,Africa/Monrovia
ROB,Monrovia,Africa/Monrovia
AGA,Agadir,Africa/Casablanca
TTA,Tan Tan,Africa/Casablanca
FEZ,Fes,Africa/Casablanca
ERH,Er-rachidia,Africa/Casablanca
MEK,Meknes,Africa/Casablanca
OUD,Oujda,Africa/Casablanca
GMD,Ben Slimane,Africa/Casablanca
RBA,Rabat,Africa/Casablanca
CMN,Casablanca,Africa/Casablanca
RAK,Marrakech,Africa/Casablanca
NNA,Kentira,Africa/Casablanca
OZZ,Ouarzazate,Africa/Casablanca
AHU,Al Hociema,Africa/Casablanca
TTU,Tetouan,Africa/Casablanca
TNG,Tanger,Africa/Casablanca
ZIG,Ziguinchor,Africa/Dakar
CSK,Cap Skiring,Africa/Dakar
KLC,Kaolack,Africa/Dakar
DKR,Dakar,Africa/Dakar
XLS,St. Louis,Africa/Dakar
BXE,Bakel,Africa/Dakar
KGG,Kedougou,Africa/Dakar
TUD,Tambacounda,Africa/Dakar
AEO,Aioun El Atrouss,Africa/Nouakchott
TIY,Tidjikja,Africa/Nouakchott
KFA,Kiffa,Africa/Nouakchott
EMN,Nema,Africa/Nouakchott
KED,Kaedi,Africa/Nouakchott
NKC,Nouakschott,Africa/Nouakchott
SEY,Selibabi,Africa/Nouakchott
ATR,Atar,Africa/Nouakchott
NDB,Nouadhibou,Africa/Nouakchott
FIG,Fira,Africa/Conakry
FAA,Faranah,Africa/Conakry
LEK,Labe,Africa/Conakry
SID,Amilcar Cabral,Atlantic/Cape_Verde
BVC,Boa Vista,Atlantic/Cape_Verde
MMO,Maio,Atlantic/Cape_Verde
SNE,Sao Nocolau Island,Atlantic/Cape_Verde
VXE,Sao Vicente Island,Atlantic/Cape_Verde
ADD,Addis Ababa,Africa/Addis_Ababa
AMH,Arba Minch,Africa/Addis_Ababa
AXU,Axum,Africa/Addis_Ababa
BJR,Bahar Dar,Africa/Addis_Ababa
DIR,Dire Dawa,Africa/Addis_Ababa
GMB,Gambella,Africa/Addis_Ababa
GDQ,Gondar,Africa/Addis_Ababa
JIM,Jimma,Africa/Addis_Ababa
LLI,Lalibella,Africa/Addis_Ababa
MQX,Makale,Africa/Addis_Ababa
ASO,Asosa,Africa/Addis_Ababa
BJM,Bujumbura,Africa/Bujumbura
HGA,Hargeisa,Africa/Mogadishu
BBO,Berbera,Africa/Mogadishu
KMU,Kismayu,Africa/Mogadishu
ALY,Alexandria,Africa/Cairo
ABS,Abu Simbel,Africa/Cairo
CAI,Cairo,Africa/Cairo
CWE,Cairo,Africa/Cairo
HRG,Hurghada,Africa/Cairo
EGH,El Gorah,Africa/Cairo
LXR,Luxor,Africa/Cairo
MUH,Mersa-matruh,Africa/Cairo
PSD,Port Said,Africa/Cairo
SKV,St. Catherine,Africa/Cairo
ASW,Aswan,Africa/Cairo
ELT,El-tor,Africa/Cairo
EDL,Eldoret,Africa/Nairobi
GGM,Kakamega,Africa/Nairobi
KIS,Kisumu,Africa/Nairobi
KTL,Kitale,Africa/Nairobi
LOK,Lodwar,Africa/Nairobi
LAU,Lamu,Africa/Nairobi
MBA,Mombasa,Africa/Nairobi
WIL,Nairobi,Africa/Nairobi
WJR,Wajir,Africa/Nairobi
GHT,Ghat,Africa/Tripoli
AKF,Kufra,Africa/Tripoli
BEN,Benghazi,Africa/Tripoli
SEB,Sebha,Africa/Tripoli
TIP,Tripoli,Africa/Tripoli
LMQ,Marsa Brega,Africa/Tripoli
HUQ,Hon,Africa/Tripoli
LTD,Ghadames,Africa/Tripoli
GYI,Gisenyi,Africa/Kigali
KGL,Kigali,Africa/Kigali
KME,Kamembe,Africa/Kigali
DOG,Dongola,Africa/Khartoum
RSS,Damazin,Africa/Khartoum
ELF,El Fasher,Africa/Khartoum
KSL,Kassala,Africa/Khartoum
KDX,Kadugli,Africa/Khartoum
EBD,El Obeid,Africa/Khartoum
JUB,Juba,Africa/Juba
MAK,Malakal,Africa/Juba
KRT,Khartoum,Africa/Khartoum
ARK,Arusha,Africa/Dar_es_Salaam
DAR,Dar Es Salaam,Africa/Dar_es_Salaam
DOD,Dodoma,Africa/Dar_es_Salaam
IRI,Iringa,Africa/Dar_es_Salaam
JRO,Kilimanjaro,Africa/Dar_es_Salaam
LKY,Lake Manyara,Africa/Dar_es_Salaam
MYW,Mtwara,Africa/Dar_es_Salaam
MWZ,Mwanza,Africa/Dar_es_Salaam
PMA,Pemba,Africa/Dar_es_Salaam
TGT,Tanga,Africa/Dar_es_Salaam
ZNZ,Zanzibar,Africa/Dar_es_Salaam
EBB,Entebbe,Africa/Kampala
SRT,Soroti,Africa/Kampala
TIA,Tirana,Europe/Tirane
BOJ,Bourgas,Europe/Sofia
GOZ,Gorna Orechovica,Europe/Sofia
PDV,Plovdiv,Europe/Sofia
SOF,Sofia,Europe/Sofia
SZR,Stara Zagora,Europe/Sofia
VAR,Varna,Europe/Sofia
LCA,Larnaca,Asia/Nicosia
PFO,Paphos,Asia/Nicosia
AKT,Akrotiri,Asia/Nicosia
DBV,Dubrovnik,Europe/Zagreb
OSI,Osijek,Europe/Zagreb
PUY,Pula,Europe/Zagreb
RJK,Rijeka,Europe/Zagreb
SPU,Split,Europe/Zagreb
ZAG,Zagreb,Europe/Zagreb
ZAD,Zadar,Europe/Zagreb
ABC,Albacete,Europe/Madrid
ALC,Alicante,Europe/Madrid
LEI,Almeria,Europe/Madrid
OVD,Aviles,Europe/Madrid
ODB,Cordoba,Europe/Madrid
BIO,Bilbao,Europe/Madrid
BCN,Barcelona,Europe/Madrid
BJZ,Badajoz,Europe/Madrid
LCG,La Coruna,Europe/Madrid
GRO,Gerona,Europe/Madrid
GRX,Granada,Europe/Madrid
IBZ,Ibiza,Europe/Madrid
XRY,Jerez,Europe/Madrid
MJV,Murcia,Europe/Madrid
MAD,Madrid,Europe/Madrid
AGP,Malaga,Europe/Madrid
MAH,Menorca,Europe/Madrid
OZP,Sevilla,Europe/Madrid
PNA,Pamplona,Europe/Madrid
REU,Reus,Europe/Madrid
ROZ,Rota,Europe/Madrid
SLM,Salamanca,Europe/Madrid
EAS,San Sebastian,Europe/Madrid
SCQ,Santiago,Europe/Madrid
LEU,Seo De Urgel,Europe/Madrid
TOJ,Madrid,Europe/Madrid
VLC,Valencia,Europe/Madrid
VLL,Valladolid,Europe/Madrid
VIT,Vitoria,Europe/Madrid
VGO,Vigo,Europe/Madrid
SDR,Santander,Europe/Madrid
ZAZ,Zaragoza,Europe/Madrid
SVQ,Sevilla,Europe/Madrid
CQF,Calais,Europe/Paris
BYF,Albert,Europe/Paris
LTQ,Le Tourquet,Europe/Paris
XVS,Valenciennes,Europe/Paris
AGF,Agen,Europe/Paris
BOD,Bordeaux,Europe/Paris
EGC,Bergerac,Europe/Paris
CNG,Cognac,Europe/Paris
PIS,Poitiers,Europe/Paris
MCU,Montlucon-gueret,Europe/Paris
LIG,Limoges,Europe/Paris
NIT,Niort,Europe/Paris
TLS,Toulouse,Europe/Paris
PUF,Pau,Europe/Paris
LDE,Tarbes,Europe/Paris
ANG,Angouleme,Europe/Paris
BVE,Brive,Europe/Paris
PGX,Perigueux,Europe/Paris
BIQ,Biarritz-bayonne,Europe/Paris
ZAO,Cahors,Europe/Paris
LBI,Albi,Europe/Paris
DCM,Castres,Europe/Paris
RDZ,Rodez,Europe/Paris
RYN,Royan,Europe/Paris
XMW,Montauban,Europe/Paris
RCO,Rochefort,Europe/Paris
CMR,Colmar,Europe/Paris
DLE,Dole,Europe/Paris
OBS,Aubenas-vals-lanas,Europe/Paris
LPY,Le Puy,Europe/Paris
ETZ,Metz,Europe/Paris
BIA,Bastia,Europe/Paris
CLY,Calvi,Europe/Paris
FSC,Figari,Europe/Paris
AJA,Ajaccio,Europe/Paris
PRP,Propriano,Europe/Paris
SOZ,Solenzara,Europe/Paris
AUF,Auxerre,Europe/Paris
CMF,Chambery,Europe/Paris
CFE,Clermont-Ferrand,Europe/Paris
BOU,Bourges,Europe/Paris
QNJ,Annemasse,Europe/Paris
LYS,Lyon,Europe/Paris
SYT,St.-yan,Europe/Paris
RNE,Roanne,Europe/Paris
NCY,Annecy,Europe/Paris
GNB,Grenoble,Europe/Paris
VAF,Valence,Europe/Paris
VHY,Vichy,Europe/Paris
AUR,Aurillac,Europe/Paris
CHR,Chateauroux,Europe/Paris
LYN,Lyon,Europe/Paris
CEQ,Cannes,Europe/Paris
EBU,St-Etienne,Europe/Paris
CCF,Carcassonne,Europe/Paris
MRS,Marseille,Europe/Paris
NCE,Nice,Europe/Paris
XOG,Orange,Europe/Paris
PGF,Perpignan,Europe/Paris
CTT,Le Castellet,Europe/Paris
MPL,Montpellier,Europe/Paris
BZR,Beziers,Europe/Paris
AVN,Avignon,Europe/Paris
MEN,Mende,Europe/Paris
BVA,Beauvais,Europe/Paris
EVX,Evreux,Europe/Paris
LEH,Le Havre,Europe/Paris
XAB,Abbeville,Europe/Paris
ORE,Orleans,Europe/Paris
XCR,Chalons,Europe/Paris
URO,Rouen,Europe/Paris
TUF,Tours,Europe/Paris
CET,Cholet,Europe/Paris
LVA,Laval,Europe/Paris
LBG,Paris,Europe/Paris
CSF,Creil,Europe/Paris
CDG,Paris,Europe/Paris
TNF,Toussous-le-noble,Europe/Paris
ORY,Paris,Europe/Paris
POX,Pontoise,Europe/Paris
VIY,Villacoublay,Europe/Paris
NVS,Nevers,Europe/Paris
XME,Maubeuge,Europe/Paris
LIL,Lille,Europe/Paris
HZB,Merville,Europe/Paris
XCZ,Charleville,Europe/Paris
BES,Brest,Europe/Paris
CER,Cherbourg,Europe/Paris
DNR,Dinard,Europe/Paris
LBY,La Baule,Europe/Paris
GFR,Granville,Europe/Paris
DOL,Deauville,Europe/Paris
LRT,Lorient,Europe/Paris
EDM,La Roche-sur-yon,Europe/Paris
LDV,Landivisiau,Europe/Paris
CFR,Caen,Europe/Paris
LME,Le Mans,Europe/Paris
RNS,Rennes,Europe/Paris
LAI,Lannion,Europe/Paris
UIP,Quimper,Europe/Paris
NTE,Nantes,Europe/Paris
SBK,St.-brieuc Armor,Europe/Paris
MXN,Morlaix,Europe/Paris
VNE,Vannes,Europe/Paris
SNR,St.-nazaire,Europe/Paris
BSL,Mulhouse,Europe/Paris
DIJ,Dijon,Europe/Paris
MZM,Metz,Europe/Paris
EPL,Epinal,Europe/Paris
ENC,Nancy,Europe/Paris
RHE,Reims,Europe/Paris
SXB,Strasbourg,Europe/Paris
TLN,Hyeres,Europe/Paris
FNI,Nimes,Europe/Paris
MQC,Miquelon,America/Miquelon
FSP,St.-pierre,America/Miquelon
PYR,Andravida,Europe/Athens
AGQ,Agrinion,Europe/Athens
AXD,Alexandroupolis,Europe/Athens
VOL,Nea Anghialos,Europe/Athens
JKH,Chios,Europe/Athens
IOA,Ioannina,Europe/Athens
HER,Heraklion,Europe/Athens
KSO,Kastoria,Europe/Athens
KIT,Kithira,Europe/Athens
EFL,Keffallinia,Europe/Athens
KLX,Kalamata,Europe/Athens
KGS,Kos,Europe/Athens
AOK,Karpathos,Europe/Athens
CFU,Kerkyra/corfu,Europe/Athens
KSJ,Kasos,Europe/Athens
KVA,Kavala,Europe/Athens
KZI,Kozani,Europe/Athens
LRS,Leros,Europe/Athens
LXS,Limnos,Europe/Athens
LRA,Larissa,Europe/Athens
JMK,Mykonos,Europe/Athens
MJT,Mytilini,Europe/Athens
PVK,Preveza,Europe/Athens
RHO,Rhodos,Europe/Athens
GPA,Patras,Europe/Athens
CHQ,Chania,Europe/Athens
JSI,Skiathos,Europe/Athens
SMI,Samos,Europe/Athens
SPJ,Sparti,Europe/Athens
JTR,Thira,Europe/Athens
JSH,Sitia,Europe/Athens
SKU,Skiros,Europe/Athens
SKG,Thessaloniki,Europe/Athens
ZTH,Zakynthos,Europe/Athens
BUD,Budapest,Europe/Budapest
DEB,Debrecen,Europe/Budapest
CRV,Crotone,Europe/Rome
BRI,Bari,Europe/Rome
FOG,Foggia,Europe/Rome
TAR,Grottaglie,Europe/Rome
LCC,Lecce,Europe/Rome
PSR,Pescara,Europe/Rome
BDS,Brindisi,Europe/Rome
SUF,Lamezia,Europe/Rome
CTA,Catania,Europe/Rome
LMP,Lampedusa,Europe/Rome
PNL,Pantelleria,Europe/Rome
PMO,Palermo,Europe/Rome
REG,Reggio Calabria,Europe/Rome
TPS,Trapani,Europe/Rome
NSY,Sigonella,Europe/Rome
AHO,Alghero,Europe/Rome
DCI,Decimomannu,Europe/Rome
CAG,Cagliari,Europe/Rome
OLB,Olbia,Europe/Rome
TTB,Tortoli,Europe/Rome
MXP,Milano,Europe/Rome
BGY,Bergamo,Europe/Rome
TRN,Torino,Europe/Rome
ALL,Albenga,Europe/Rome
GOA,Genoa,Europe/Rome
LIN,Milan,Europe/Rome
PMF,Parma,Europe/Rome
CUF,Cuneo,Europe/Rome
AVB,Aviano,Europe/Rome
BZO,Bolzano,Europe/Rome
BLQ,Bologna,Europe/Rome
TSF,Treviso,Europe/Rome
FRL,Forli,Europe/Rome
VBS,Brescia,Europe/Rome
TRS,Ronchi De Legionari,Europe/Rome
RMI,Rimini,Europe/Rome
VIC,Vicenza,Europe/Rome
QPA,Padova,Europe/Rome
VRN,Villafranca,Europe/Rome
VCE,Venice,Europe/Rome
SAY,Siena,Europe/Rome
CIA,Rome,Europe/Rome
FCO,Rome,Europe/Rome
EBA,Marina Di Campo,Europe/Rome
QLT,Latina,Europe/Rome
NAP,Naples,Europe/Rome
PSA,Pisa,Europe/Rome
FLR,Florence,Europe/Rome
GRS,Grosseto,Europe/Rome
PEG,Perugia,Europe/Rome
LJU,Ljubljana,Europe/Ljubljana
MBX,Maribor,Europe/Ljubljana
POW,Portoroz,Europe/Ljubljana
UHE,Kunovice,Europe/Prague
KLV,Karlovy Vary,Europe/Prague
OSR,Ostrava,Europe/Prague
PED,Pardubice,Europe/Prague
PRV,Prerov,Europe/Prague
PRG,Prague,Europe/Prague
BRQ,Brno,Europe/Prague
VOD,Vodochody,Europe/Prague
TLV,Tel-aviv,Asia/Jerusalem
BEV,Beer-sheba,Asia/Jerusalem
ETH,Elat,Asia/Jerusalem
EIY,Eyn-yahav,Asia/Jerusalem
HFA,Haifa,Asia/Jerusalem
RPN,Rosh Pina,Asia/Jerusalem
MTZ,Metzada,Asia/Jerusalem
VTM,Nevatim,Asia/Jerusalem
VDA,Ovda,Asia/Jerusalem
MIP,Ramon,Asia/Jerusalem
SDV,Tel-aviv,Asia/Jerusalem
MLA,Malta,Europe/Malta
GRZ,Graz,Europe/Vienna
INN,Innsbruck,Europe/Vienna
LNZ,Linz,Europe/Vienna
SZG,Salzburg,Europe/Vienna
VIE,Vienna,Europe/Vienna
AVR,Alverca,Europe/Lisbon
SMA,Santa Maria (island),Atlantic/Azores
BGC,Braganca,Europe/Lisbon
BYJ,Beja (madeira),Europe/Lisbon
BGZ,Braga,Europe/Lisbon
CAT,Cascais,Europe/Lisbon
FLW,Flores,Atlantic/Azores
FAO,Faro,Europe/Lisbon
GRW,Graciosa Island,Atlantic/Azores
HOR,Horta,Atlantic/Azores
TER,Lajes (terceira Island),Atlantic/Azores
QLR,Monte Real,Europe/Lisbon
PDL,Ponta Delgada,Atlantic/Azores
PIX,Pico,Atlantic/Azores
PRM,Portimao,Europe/Lisbon
OPO,Porto,Europe/Lisbon
PXO,Porto Santo,Atlantic/Madeira
LIS,Lisbon,Europe/Lisbon
SJZ,Sao Jorge Island,Atlantic/Azores
VRL,Vila Real,Europe/Lisbon
VSE,Viseu,Europe/Lisbon
OMO,Mostar,Europe/Sarajevo
SJJ,Sarajevo,Europe/Sarajevo
ARW,Arad,Europe/Bucharest
BCM,Bacau,Europe/Bucharest
BAY,Baia Mare,Europe/Bucharest
BBU,Bucharest,Europe/Bucharest
CND,Constanta,Europe/Bucharest
CLJ,Cluj-napoca,Europe/Bucharest
CSB,Caransebes,Europe/Bucharest
CRA,Craiova,Europe/Bucharest
IAS,Iasi,Europe/Bucharest
OMR,Oradea,Europe/Bucharest
OTP,Bucharest,Europe/Bucharest
SBZ,Sibiu,Europe/Bucharest
SUJ,Satu Mare,Europe/Bucharest
SCV,Suceava,Europe/Bucharest
TCE,Tulcea,Europe/Bucharest
TGM,Tirgu Mures,Europe/Bucharest
TSR,Timisoara,Europe/Bucharest
GVA,Geneva,Europe/Zurich
SIR,Sion,Europe/Zurich
EML,Emmen,Europe/Zurich
LUG,Lugano,Europe/Zurich
BRN,Bern,Europe/Zurich
ZHI,Grenchen,Europe/Zurich
ZRH,Zurich,Europe/Zurich
ACH,Altenrhein,Europe/Zurich
SMV,Samedan,Europe/Zurich
ESB,Ankara,Europe/Istanbul
ANK,Ankara,Europe/Istanbul
ADA,Adana,Europe/Istanbul
UAB,Adana,Europe/Istanbul
AFY,Afyon,Europe/Istanbul
AYT,Antalya,Europe/Istanbul
GZT,Gaziantep,Europe/Istanbul
KYA,Konya,Europe/Istanbul
MZH,Merzifon,Europe/Istanbul
VAS,Sivas,Europe/Istanbul
MLX,Malatya,Europe/Istanbul
ASR,Kayseri,Europe/Istanbul
TJK,Tokat,Europe/Istanbul
DNZ,Denizli,Europe/Istanbul
ISL,Istanbul,Europe/Istanbul
BZI,Balikesir,Europe/Istanbul
BDM,Bandirma,Europe/Istanbul
ESK,Eskisehir,Europe/Istanbul
ADB,Izmir,Europe/Istanbul
IGL,Izmir,Europe/Istanbul
KCO,Topel,Europe/Istanbul
DLM,Dalaman,Europe/Istanbul
BXN,Bodrum,Europe/Istanbul
EZS,Elazig,Europe/Istanbul
DIY,Diyabakir,Europe/Istanbul
ERC,Erzincan,Europe/Istanbul
ERZ,Erzurum,Europe/Istanbul
TZX,Trabzon,Europe/Istanbul
VAN,Van,Europe/Istanbul
BAL,Batman,Europe/Istanbul
SXZ,Siirt,Europe/Istanbul
BZY,Saltsy,Europe/Chisinau
KIV,Chisinau,Europe/Chisinau
OHD,Ohrid,Europe/Skopje
SKP,Skopje,Europe/Skopje
GIB,Gibraltar,Europe/Gibraltar
BEG,Belgrade,Europe/Belgrade
INI,Nis,Europe/Belgrade
TGD,Podgorica,Europe/Podgorica
PRN,Pristina,Europe/Belgrade
TIV,Tivat,Europe/Podgorica
BTS,Bratislava,Europe/Bratislava
KSC,Kosice,Europe/Bratislava
PZY,Piestany,Europe/Bratislava
SLD,Sliac,Europe/Bratislava
TAT,Poprad,Europe/Bratislava
NCA,North Caicos,America/Grand_Turk
PLS,Providenciales,America/Grand_Turk
XSC,South Caicos,America/Grand_Turk
BRX,Barahona,America/Santo_Domingo
CBJ,Cabo Rojo,America/Santo_Domingo
LRM,La Romana,America/Santo_Domingo
PUJ,Punta Cana,America/Santo_Domingo
POP,Puerto Plata,America/Santo_Domingo
SDQ,Santo Domingo,America/Santo_Domingo
STI,Santiago,America/Santo_Domingo
CBV,Coban,America/Guatemala
GUA,Guatemala City,America/Guatemala
RER,Retalhuleu,America/Guatemala
GSJ,San Jose,America/Guatemala
LCE,La Ceiba,America/Tegucigalpa
SAP,San Pedro Sula,America/Tegucigalpa
GJA,Guanaja,America/Tegucigalpa
RTB,Roatan,America/Tegucigalpa
TEA,Tela,America/Tegucigalpa
TGU,Tegucigalpa,America/Tegucigalpa
TJI,Trujillo,America/Tegucigalpa
OCJ,Ocho Rios,America/Jamaica
KIN,Kingston,America/Jamaica
MBJ,Montego Bay,America/Jamaica
POT,Port Antonio,America/Jamaica
KTP,Kingston,America/Jamaica
ACA,Acapulco,America/Mexico_City
NTR,Monterrey,America/Monterrey
AGU,Aguascalientes,America/Mexico_City
HUX,Huatulco,America/Mexico_City
CVJ,Cuernavaca,America/Mexico_City
ACN,Ciudad Acuna,America/Matamoros
CME,Ciudad Del Carmen,America/Merida
NCG,Nuevo Casas Grandes,America/Chihuahua
CUL,Culiacan,America/Mazatlan
CTM,Chetumal,America/Cancun
CEN,Ciudad Obregon,America/Hermosillo
CPE,Campeche,America/Merida
CJS,Ciudad Juarez,America/Ciudad_Juarez
CUU,Chihuahua,America/Chihuahua
CVM,Ciudad Victoria,America/Monterrey
CZM,Cozumel,America/Cancun
DGO,Durango,America/Monterrey
TPQ,Tepic,America/Mazatlan
ESE,Ensenada,America/Tijuana
GDL,Guadalajara,America/Mexico_City
GYM,Guaymas,America/Hermosillo
TCN,Tehuacan,America/Mexico_City
HMO,Hermosillo,America/Hermosillo
CLQ,Colima,America/Mexico_City
ISJ,Isla Mujeres,America/Cancun
SLW,Saltillo,America/Monterrey
IZT,Iztepec,America/Mexico_City
LZC,Lazard Cardenas,America/Mexico_City
LMM,Los Mochis,America/Mazatlan
BJX,Del Bajio,America/Mexico_City
LAP,La Paz,America/Mazatlan
LTO,Loreto,America/Mazatlan
MAM,Matamoros,America/Matamoros
MID,Merida,America/Merida
MXL,Mexicali,America/Tijuana
MLM,Morelia,America/Mexico_City
MTT,Minatitlan,America/Mexico_City
LOV,Monclova,America/Monterrey
MEX,Mexico City,America/Mexico_City
MTY,Monterrey,America/Monterrey
MZT,Mazatlan,America/Mazatlan
NOG,Nogales,America/Hermosillo
NLD,Nuevo Laredo,America/Matamoros
OAX,Oaxaca,America/Mexico_City
PAZ,Poza Rico,America/Mexico_City
PBC,Puebla,America/Mexico_City
PPE,Punta Penasco,America/Hermosillo
PDS,Piedras Negras,America/Matamoros
UPN,Uruapan,America/Mexico_City
PVR,Puerto Vallarta,America/Mexico_City
PXM,Puerto Escondido,America/Mexico_City
QRO,Queretaro,America/Mexico_City
REX,Reynosa,America/Matamoros
SJD,San Jose Del Cabo,America/Mazatlan
SFH,San Filipe,America/Tijuana
SLP,San Luis Potosi,America/Mexico_City
TRC,Torreon,America/Monterrey
TGZ,Tuxtla Gutierrez,America/Mexico_City
TIJ,Tijuana,America/Tijuana
TAM,Tampico,America/Monterrey
TSL,Tamuin,America/Mexico_City
TLC,Toluca,America/Mexico_City
TAP,Tapachula,America/Mexico_City
CUN,Cancun,America/Cancun
VSA,Villahermosa,America/Mexico_City
VER,Vera Cruz,America/Mexico_City
ZCL,Zacatecas,America/Mexico_City
ZIH,Zihuatanejo,America/Mexico_City
ZMM,Zamora,America/Mexico_City
ZLO,Manzanillo,America/Mexico_City
BEF,Bluefields,America/Managua
MGA,Managua,America/Managua
PUZ,Puerto Cabezas,America/Managua
BOC,Bocas Del Toro,America/Panama
CHX,Changuinola,America/Panama
DAV,David,America/Panama
BLB,Howard,America/Panama
PAC,Panama,America/Panama
SYP,Santiago,America/Panama
PTY,Panama City,America/Panama
BAI,Buenos Aires,America/Costa_Rica
OTR,Coto 47,America/Costa_Rica
JAP,Chacarita,America/Costa_Rica
GLF,Golfito,America/Costa_Rica
GPL,Guapiles,America/Costa_Rica
LIR,Liberia,America/Costa_Rica
LSL,Los Chiles,America/Costa_Rica
LIO,Limon,America/Costa_Rica
NOB,Nosara Beach,America/Costa_Rica
SJO,San Jose,America/Costa_Rica
PMZ,Palmar Sur,America/Costa_Rica
XQP,Quepos,America/Costa_Rica
TOO,San Vito De Jaba,America/Costa_Rica
SAL,San Salvador,America/El_Salvador
CYA,Cayes,America/Port-au-Prince
CAP,Cap Haitien,America/Port-au-Prince
JAK,Jacmel,America/Port-au-Prince
PAP,Port-au-prince,America/Port-au-Prince
BCA,Baracoa Playa,America/Havana
BYM,Bayamo,America/Havana
AVI,Ciego De Avila,America/Havana
CCC,Cunagua,America/Havana
CFG,Cienfuegos,America/Havana
CYO,Cayo Largo del Sur,America/Havana
CMW,Camaguey,America/Havana
SCU,Santiago De Cuba,America/Havana
NBW,Guantanamo,America/New_York
GAO,Guantanamo,America/Havana
HAV,Havana,America/Havana
HOG,Holguin,America/Havana
LCL,La Coloma,America/Havana
MOA,Moa,America/Havana
MZO,Manzanillo,America/Havana
GER,Nueva Gerona,America/Havana
UPB,Baracoa Playa,America/Havana
QPD,Pinar Del Rio Norte,America/Havana
SNU,Santa Clara,America/Havana
SZJ,Siguanea,America/Havana
USS,Sancti Spiritus,America/Havana
VRA,Varadero,America/Havana
VTU,Las Tunas,America/Havana
CYB,Cayman Brac,America/Cayman
GCM,Georgetown,America/Cayman
MAY,Clarence Bain,America/Nassau
ASD,Andros Town,America/Nassau
MHH,Marsh Harbor,America/Nassau
SAQ,San Andros,America/Nassau
AXP,Spring Point,America/Nassau
TCB,Treasure Cay,America/Nassau
CCZ,Chub Cay,America/Nassau
GHC,Bullocks Harbour,America/Nassau
BIM,Alice Town,America/Nassau
GGT,Great Exuma,America/Nassau
ELH,North Eleuthera,America/Nassau
GHB,Governor's Harbor,America/Nassau
NMC,Norman's Cay,America/Nassau
RSD,Rock Sound,America/Nassau
TYM,Staniel Cay,America/Nassau
FPO,Freeport,America/Nassau
IGA,Matthew Town,America/Nassau
LGI,Dead Man's Cay,America/Nassau
SML,Stella Maris,America/Nassau
MYG,Mayaguana,America/Nassau
NAS,Nassau,America/Nassau
DCT,Duncan Town,America/Nassau
RCY,Port Nelson,America/Nassau
ZSA,Cockburn Town,America/Nassau
BZE,Belize City,America/Belize
AIT,Aitutaki,Pacific/Rarotonga
RAR,Avarua,Pacific/Rarotonga
NAN,Nandi,Pacific/Fiji
SUV,Nausori,Pacific/Fiji
TBU,Tongatapu,Pacific/Tongatapu
VAV,Vava'u,Pacific/Tongatapu
TRW,Tarawa,Pacific/Tarawa
TBF,Tabiteuea North,Pacific/Tarawa
WLS,Wallis,Pacific/Wallis
APW,Faleolo,Pacific/Apia
PPG,Pago Pago,Pacific/Pago_Pago
RUR,Rurutu,Pacific/Tahiti
TUB,Tubuai,Pacific/Tahiti
AAA,Anaa,Pacific/Tahiti
FGU,Fangatau,Pacific/Tahiti
TIH,Tikehau,Pacific/Tahiti
REA,Reao,Pacific/Tahiti
FAV,Fakarava,Pacific/Tahiti
XMH,Manihi,Pacific/Tahiti
GMR,Totegegie,Pacific/Gambier
KKR,Kaukura Atoll,Pacific/Tahiti
MKP,Makemo,Pacific/Tahiti
PKP,Puka Puka,Pacific/Tahiti
TKP,Takapoto,Pacific/Tahiti
AXR,Arutua,Pacific/Tahiti
MVT,Mataiva,Pacific/Tahiti
TKX,Takaroa,Pacific/Tahiti
NHV,Nuku Hiva,Pacific/Marquesas
BOB,Bora Bora,Pacific/Tahiti
RGI,Rangiroa,Pacific/Tahiti
HUH,Huahine Island,Pacific/Tahiti
MOZ,Moorea,Pacific/Tahiti
HOI,Hao Island,Pacific/Tahiti
MAU,Maupiti,Pacific/Tahiti
RFP,Raiatea Island,Pacific/Tahiti
VLI,Port-vila,Pacific/Efate
KNQ,Kone,Pacific/Noumea
KOC,Koumac,Pacific/Noumea
LIF,Lifou,Pacific/Noumea
GEA,Noumea,Pacific/Noumea
MEE,Mare,Pacific/Noumea
TOU,Touho,Pacific/Noumea
UVE,Ouvea,Pacific/Noumea
NOU,Noumea,Pacific/Noumea
AKL,Auckland,Pacific/Auckland
TUO,Taupo,Pacific/Auckland
AMZ,Ardmore,Pacific/Auckland
CHC,Christchurch,Pacific/Auckland
CHT,Chatham Island,Pacific/Chatham
DUD,Dunedin,Pacific/Auckland
GIS,Gisborne,Pacific/Auckland
GTN,Glentanner,Pacific/Auckland
HKK,Hokitika,Pacific/Auckland
HLZ,Hamilton,Pacific/Auckland
KKE,Kerikeri,Pacific/Auckland
KAT,Kaitaia,Pacific/Auckland
ALR,Alexandra,Pacific/Auckland
MON,Mount Cook,Pacific/Auckland
TEU,Manapouri,Pacific/Auckland
MRO,Masterton,Pacific/Auckland
NPL,New Plymouth,Pacific/Auckland
NSN,Nelson,Pacific/Auckland
IVC,Invercargill,Pacific/Auckland
OHA,Ohakea,Pacific/Auckland
OAM,Oamaru,Pacific/Auckland
PMR,Palmerston North,Pacific/Auckland
PPQ,Paraparaumu,Pacific/Auckland
ZQN,Queenstown International,Pacific/Auckland
ROT,Rotorua,Pacific/Auckland
TRG,Tauranga,Pacific/Auckland
TIU,Timaru,Pacific/Auckland
TWZ,Pukaki,Pacific/Auckland
BHE,Woodbourne,Pacific/Auckland
WKA,Wanaka,Pacific/Auckland
WHK,Whakatane,Pacific/Auckland
WLG,Wellington,Pacific/Auckland
WIR,Wairoa,Pacific/Auckland
WRE,Whangarei,Pacific/Auckland
WSZ,Westport,Pacific/Auckland
WAG,Wanganui,Pacific/Auckland
HEA,Herat,Asia/Kabul
JAA,Jalalabad,Asia/Kabul
KBL,Kabul,Asia/Kabul
KDH,Kandahar,Asia/Kabul
MMZ,Maimama,Asia/Kabul
MZR,Mazar-i-sharif,Asia/Kabul
OAH,Shindand,Asia/Kabul
UND,Kunduz,Asia/Kabul
BAH,Bahrain,Asia/Bahrain
AHB,Abha,Asia/Riyadh
HOF,Al-ahsa,Asia/Riyadh
ABT,El-baha,Asia/Riyadh
BHH,Bisha,Asia/Riyadh
DMM,Dammam,Asia/Riyadh
DHA,Dhahran,Asia/Riyadh
GIZ,Gizan,Asia/Riyadh
ELQ,Gassim,Asia/Riyadh
URY,Guriat,Asia/Riyadh
HAS,Hail,Asia/Riyadh
QJB,Jubail,Asia/Riyadh
JED,Jeddah,Asia/Riyadh
KMC,King Khalid Mil.city,Asia/Riyadh
MED,Madinah,Asia/Riyadh
EAM,Nejran,Asia/Riyadh
AQI,Hafr Al-batin,Asia/Riyadh
RAH,Rafha,Asia/Riyadh
RUH,Riyadh,Asia/Riyadh
RAE,Arar,Asia/Riyadh
SHW,Sharurah,Asia/Riyadh
SLF,Sulayel,Asia/Riyadh
TUU,Tabuk,Asia/Riyadh
TIF,Taif,Asia/Riyadh
TUI,Turaif,Asia/Riyadh
EJH,Wejh,Asia/Riyadh
YNB,Yenbo,Asia/Riyadh
ABD,Abadan,Asia/Tehran
DEF,Dezful,Asia/Tehran
AKW,Aghajari,Asia/Tehran
GCH,Gachsaran,Asia/Tehran
OMI,Omidyeh,Asia/Tehran
MRX,Bandar Mahshahr,Asia/Tehran
AWZ,Ahwaz,Asia/Tehran
AEU,Abumusa I.,Asia/Tehran
BUZ,Bushehr,Asia/Tehran
KIH,Kish Island,Asia/Tehran
BDH,Bandar Lengeh,Asia/Tehran
KHK,Khark Island,Asia/Tehran
SXI,Siri Island,Asia/Tehran
LVP,Lavan Island,Asia/Tehran
KSH,Bakhtaran,Asia/Tehran
SDG,Sanandaj,Asia/Tehran
IFH,Daran,Asia/Tehran
KKS,Kashan,Asia/Tehran
IFN,Esfahan,Asia/Tehran
RAS,Rasht,Asia/Tehran
AJK,Arak,Asia/Tehran
THR,Teheran,Asia/Tehran
GZW,Ghazvin,Asia/Tehran
BND,Bandar Abbas,Asia/Tehran
JYR,Jiroft,Asia/Tehran
KER,Kerman,Asia/Tehran
HDR,Bandar Abbas,Asia/Tehran
SYJ,Sirjan,Asia/Tehran
XBJ,Birjand,Asia/Tehran
CKT,Sarakhs,Asia/Tehran
RUD,Emam Shahr,Asia/Tehran
TCX,Tabas,Asia/Tehran
KLM,Kalaleh,Asia/Tehran
RZR,Ramsar,Asia/Tehran
FAZ,Fasa,Asia/Tehran
JAR,Jahrom,Asia/Tehran
LFM,Lamerd,Asia/Tehran
SYZ,Shiraz,Asia/Tehran
KHY,Khoy,Asia/Tehran
TBZ,Tabriz,Asia/Tehran
JWN,Zanjan,Asia/Tehran
AZD,Yazd,Asia/Tehran
ACZ,Zabol,Asia/Tehran
ZBR,Chah Bahar,Asia/Tehran
ZAH,Zahedan,Asia/Tehran
IHR,Iran Shahr,Asia/Tehran
AMM,Amman,Asia/Amman
ADJ,Amman,Asia/Amman
AQJ,Aqaba,Asia/Amman
OMF,Mafraq,Asia/Amman
KWI,Kuwait,Asia/Kuwait
BEY,Beirut,Asia/Beirut
KYE,Kleiat,Asia/Beirut
AUH,Abu Dhabi,Asia/Dubai
AZI,Abu Dhabi,Asia/Dubai
DHF,Abu Dhabi,Asia/Dubai
DXB,Dubai,Asia/Dubai
FJR,Fujeirah,Asia/Dubai
RKT,Ras Al Khaimah,Asia/Dubai
SHJ,Sharjah,Asia/Dubai
KHS,Khasab,Asia/Muscat
MSH,Masirah,Asia/Muscat
MCT,Muscat,Asia/Muscat
SLL,Salalah,Asia/Muscat
TTH,Thumrait,Asia/Muscat
BHW,Bhagtanwala,Asia/Karachi
LYP,Faisalabad,Asia/Karachi
GWD,Gwadar,Asia/Karachi
GIL,Gilgit,Asia/Karachi
JAG,Jacobsbad,Asia/Karachi
KHI,Karachi,Asia/Karachi
LHE,Lahore,Asia/Karachi
XJM,Mangla,Asia/Karachi
MFG,Muzaffarabad,Asia/Karachi
MWD,Mianwali,Asia/Karachi
MJD,Moenjodaro,Asia/Karachi
MUX,Multan,Asia/Karachi
WNS,Nawabshah,Asia/Karachi
PJG,Panjgur,Asia/Karachi
PSI,Pasni,Asia/Karachi
PEW,Peshawar,Asia/Karachi
UET,Quetta,Asia/Karachi
RYK,Rahim Yar Khan,Asia/Karachi
RAZ,Rawala Kot,Asia/Karachi
SKZ,Sukkur,Asia/Karachi
SDT,Saidu Sharif,Asia/Karachi
SUL,Sui,Asia/Karachi
BDN,Talhar,Asia/Karachi
WAF,Wana,Asia/Karachi
PZH,Zhob,Asia/Karachi
BSR,Basrah,Asia/Baghdad
ALP,Aleppo,Asia/Damascus
DAM,Damascus,Asia/Damascus
DEZ,Deire Zor,Asia/Damascus
LTK,Latakia,Asia/Damascus
PMS,Palmyra,Asia/Damascus
DIA,Doha,Asia/Qatar
CIS,Canton Island,Pacific/Kanton
ROP,Rota,Pacific/Saipan
SPN,Saipan,Pacific/Saipan
UAM,Andersen,Pacific/Guam
GUM,Agana,Pacific/Guam
TIQ,West Tinian,Pacific/Saipan
MAJ,Majuro,Pacific/Majuro
KWA,Kwajalein,Pacific/Kwajalein
CXI,Kiritimati,Pacific/Kiritimati
MDY,Midway,Pacific/Midway
TKK,Chuuk,Pacific/Chuuk
PNI,Pohnpei,Pacific/Pohnpei
ROR,Babelthuap,Pacific/Palau
KSA,Kosrae,Pacific/Kosrae
YAP,Yap,Pacific/Chuuk
KNH,Kinmen,Asia/Taipei
TTT,Fengnin,Asia/Taipei
GNI,Green Island,Asia/Taipei
KHH,Kaohsiung,Asia/Taipei
CYI,Chiayi,Asia/Taipei
KYD,Lanyu,Asia/Taipei
RMQ,Taichung,Asia/Taipei
TNN,Tainan,Asia/Taipei
HSZ,Hsinchu,Asia/Taipei
MZG,Makung,Asia/Taipei
PIF,Pingtung,Asia/Taipei
TSA,Taipei,Asia/Taipei
TPE,Taipei,Asia/Taipei
WOT,Wang An,Asia/Taipei
HUN,Hualien,Asia/Taipei
NRT,Tokyo,Asia/Tokyo
MMJ,Matsumoto,Asia/Tokyo
IBR,Ibaraki,Asia/Tokyo
MUS,Minami Tori Shima,Asia/Tokyo
IWO,Iwojima,Asia/Tokyo
SHM,Nanki-shirahama,Asia/Tokyo
OBO,Obihiro,Asia/Tokyo
CTS,Sapporo,Asia/Tokyo
HKD,Hakodate,Asia/Tokyo
MMB,Memanbetsu,Asia/Tokyo
SHB,Nakashibetsu,Asia/Tokyo
WKJ,Wakkanai,Asia/Tokyo
IKI,Iki,Asia/Tokyo
UBJ,Yamaguchi,Asia/Tokyo
TSJ,Tsushima,Asia/Tokyo
MBE,Monbetsu,Asia/Tokyo
AKJ,Asahikawa,Asia/Tokyo
OIR,Okushiri,Asia/Tokyo
RIS,Rishiri Island,Asia/Tokyo
KUM,Yakushima,Asia/Tokyo
FUJ,Fukue,Asia/Tokyo
FUK,Fukuoka,Asia/Tokyo
TNE,Tanegashima,Asia/Tokyo
KOJ,Kagoshima,Asia/Tokyo
KMI,Miyazaki,Asia/Tokyo
OIT,Oita,Asia/Tokyo
KKJ,Kitakyushu,Asia/Tokyo
KMJ,Kumamoto,Asia/Tokyo
NGS,Nagasaki,Asia/Tokyo
ASJ,Amami,Asia/Tokyo
OKE,Okierabu,Asia/Tokyo
TKN,Tokunoshima,Asia/Tokyo
FKJ,Fukui,Asia/Tokyo
QGU,Gifu,Asia/Tokyo
KMQ,Kanazawa,Asia/Tokyo
OKI,Oki Island,Asia/Tokyo
TOY,Toyama,Asia/Tokyo
HIJ,Hiroshima,Asia/Tokyo
OKJ,Okayama,Asia/Tokyo
IZO,Izumo,Asia/Tokyo
YGJ,Miho,Asia/Tokyo
KCZ,Kochi,Asia/Tokyo
MYJ,Matsuyama,Asia/Tokyo
ITM,Osaka,Asia/Tokyo
TTJ,Tottori,Asia/Tokyo
TKS,Tokushima,Asia/Tokyo
TAK,Takamatsu,Asia/Tokyo
AOJ,Aomori,Asia/Tokyo
GAJ,Yamagata,Asia/Tokyo
SDS,Sado,Asia/Tokyo
HHE,Hachinoe,Asia/Tokyo
HNA,Hanamaki,Asia/Tokyo
AXT,Akita,Asia/Tokyo
MSJ,Misawa,Asia/Tokyo
SDJ,Sendai,Asia/Tokyo
NJA,Atsugi,Asia/Tokyo
HAC,Hachijojima,Asia/Tokyo
OIM,Oshima,Asia/Tokyo
HND,Tokyo,Asia/Tokyo
OKO,Yokota,Asia/Tokyo
KWJ,Kwangju,Asia/Seoul
CHN,Jhunju,Asia/Seoul
RSU,Yeosu,Asia/Seoul
KAG,Kangnung,Asia/Seoul
CJU,Cheju,Asia/Seoul
CHF,Chinhae,Asia/Seoul
PUS,Busan,Asia/Seoul
USN,Ulsan,Asia/Seoul
SSN,Seoul East,Asia/Seoul
OSN,Osan,Asia/Seoul
GMP,Seoul,Asia/Seoul
SWU,Suwon,Asia/Seoul
KPO,Pohang,Asia/Seoul
TAE,Taegu,Asia/Seoul
YEC,Yechon,Asia/Seoul
OKA,Okinawa,Asia/Tokyo
DNA,Kadena,Asia/Tokyo
ISG,Ishigaki,Asia/Tokyo
UEO,Kumejima,Asia/Tokyo
MMD,Minami Daito,Asia/Tokyo
MMY,Miyako,Asia/Tokyo
KTD,Kitadaito,Asia/Tokyo
SHI,Shimojishima,Asia/Tokyo
TRA,Tarama,Asia/Tokyo
RNJ,Yoron,Asia/Tokyo
OGN,Yonaguni Jima,Asia/Tokyo
MNL,Manila,Asia/Manila
CBO,Cotabato,Asia/Manila
PAG,Pagadian,Asia/Manila
GES,Romblon,Asia/Manila
ZAM,Zamboanga,Asia/Manila
BAG,Baguio,Asia/Manila
DTE,Daet,Asia/Manila
SJI,San Jose,Asia/Manila
MBO,Mamburao,Asia/Manila
BQA,Baler,Asia/Manila
TAC,Tacloban,Asia/Manila
BCD,Bacolod,Asia/Manila
DGT,Dumaguete,Asia/Manila
MPH,Caticlan,Asia/Manila
ILO,Iloilo,Asia/Manila
KLO,Kalibo,Asia/Manila
PPS,Puerto Princesa,Asia/Manila
EUQ,San Jose,Asia/Manila
COC,Concordia,America/Argentina/Cordoba
GHU,Gualeguaychu,America/Argentina/Cordoba
JNI,Junin,America/Argentina/Buenos_Aires
PRA,Parana,America/Argentina/Cordoba
ROS,Rosario,America/Argentina/Cordoba
SFN,Santa Fe,America/Argentina/Cordoba
AEP,Buenos Aires,America/Argentina/Buenos_Aires
COR,Cordoba,America/Argentina/Cordoba
FDO,San Fernando,America/Argentina/Buenos_Aires
LPG,La Plata,America/Argentina/Buenos_Aires
EPA,El Palomar,America/Argentina/Buenos_Aires
HOS,Chosmadal,America/Argentina/Salta
GNR,Fuerte Gral Roca,America/Argentina/Salta
MDZ,Mendoza,America/Argentina/Mendoza
LGS,Malargue,America/Argentina/Mendoza
AFA,San Rafael,America/Argentina/Mendoza
CTC,Catamarca,America/Argentina/Catamarca
SDE,Santiago Del Estero,America/Argentina/Cordoba
IRJ,La Rioja,America/Argentina/La_Rioja
TUC,Tucuman,America/Argentina/Tucuman
UAQ,San Juan,America/Argentina/San_Juan
RCU,Rio Cuarto,America/Argentina/Cordoba
VDR,Villa Dolores,America/Argentina/Cordoba
VME,Villa Reynolds,America/Argentina/San_Luis
LUQ,San Luis,America/Argentina/San_Luis
CNQ,Corrientes,America/Argentina/Cordoba
RES,Resistencia,America/Argentina/Cordoba
FMA,Formosa,America/Argentina/Cordoba
IGR,Iguazu Falls,America/Argentina/Cordoba
AOL,Paso De Los Libres,America/Argentina/Cordoba
MCS,Monte Caseros,America/Argentina/Cordoba
PSS,Posadas,America/Argentina/Cordoba
PRQ,Presidencia R.s.pena,America/Argentina/Cordoba
SLA,Salta,America/Argentina/Salta
JUJ,Jujuy,America/Argentina/Jujuy
ORA,Oran,America/Argentina/Salta
ELO,El Dorado,America/Argentina/Cordoba
OYA,Goya,America/Argentina/Cordoba
RCQ,Reconquista,America/Argentina/Cordoba
UZU,Curuzu Cuatia,America/Argentina/Cordoba
EHL,El Bolson,America/Argentina/Salta
CRD,Comodoro Rivadavia,America/Argentina/Catamarca
EQS,Esquel,America/Argentina/Catamarca
REL,Trelew,America/Argentina/Catamarca
VDM,Viedma,America/Argentina/Salta
PMY,Puerto Madryn,America/Argentina/Catamarca
PUD,Puerto Deseado,America/Argentina/Rio_Gallegos
RGA,Rio Grande,America/Argentina/Ushuaia
RGL,Rio Gallegos,America/Argentina/Rio_Gallegos
USH,Ushuaia,America/Argentina/Ushuaia
ULA,San Julian,America/Argentina/Rio_Gallegos
PMQ,Perito Moreno,America/Argentina/Rio_Gallegos
RZA,Santa Cruz,America/Argentina/Rio_Gallegos
BHI,Bahia Blanca,America/Argentina/Buenos_Aires
CSZ,Colonel Suarez,America/Argentina/Buenos_Aires
OVR,Olavarria,America/Argentina/Buenos_Aires
GPO,General Pico,America/Argentina/Salta
OYO,Tres Arroyos,America/Argentina/Buenos_Aires
MDQ,Mar Del Plata,America/Argentina/Buenos_Aires
NQN,Neuquen,America/Argentina/Salta
PEH,Pehuajo,America/Argentina/Buenos_Aires
RSA,Santa Rosa,America/Argentina/Salta
BRC,San Carlos De Bariloche,America/Argentina/Salta
TDL,Tandil,America/Argentina/Buenos_Aires
VLG,Villa Gesell,America/Argentina/Buenos_Aires
CUT,Cutralco,America/Argentina/Salta
CPC,San Martin Des Andes,America/Argentina/Salta
CDJ,Conceicao Do Araguaia,America/Belem
AQA,Araracuara,America/Sao_Paulo
AJU,Aracaju,America/Maceio
AFL,Alta Floresta,America/Cuiaba
ARU,Aracatuba,America/Sao_Paulo
BEL,Belem,America/Belem
BGX,Bage,America/Sao_Paulo
PLU,Belo Horizonte,America/Sao_Paulo
BFH,Curitiba,America/Sao_Paulo
BSB,Brasilia,America/Sao_Paulo
BAU,Bauru,America/Sao_Paulo
BVB,Boa Vista,America/Boa_Vista
BPG,Barra Do Garcas,America/Cuiaba
CAC,Cascavel,America/Sao_Paulo
CNF,Belo Horizonte,America/Sao_Paulo
CGR,Campo Grande,America/Campo_Grande
XAP,Chapeco,America/Sao_Paulo
CLN,Carolina,America/Fortaleza
CCM,Criciuma,America/Sao_Paulo
CAW,Campos,America/Sao_Paulo
CMG,Corumba,America/Campo_Grande
CWB,Curitiba,America/Sao_Paulo
CRQ,Caravelas,America/Bahia
CXJ,Caxias Do Sul,America/Sao_Paulo
CGB,Cuiaba,America/Cuiaba
CZS,Cruzeiro do Sul,America/Rio_Branco
PPB,President Prudente,America/Sao_Paulo
MAO,Manaus,America/Manaus
JCR,Jacare-acanga,America/Santarem
IGU,Foz Do Iguacu,America/Sao_Paulo
FLN,Florianopolis,America/Sao_Paulo
FEN,Fernando Do Noronha,America/Noronha
FOR,Fortaleza,America/Fortaleza
GIG,Rio De Janeiro,America/Sao_Paulo
GJM,Guajara-mirim,America/Porto_Velho
GYN,Goiania,America/Sao_Paulo
GRU,Sao Paulo,America/Sao_Paulo
GUJ,Guaratingueta,America/Sao_Paulo
ATM,Altamira,America/Santarem
ITA,Itaituba,America/Manaus
ITB,Itaituba,America/Santarem
IOS,Ilheus,America/Bahia
IPN,Ipatinga,America/Sao_Paulo
ITR,Itumbiara,America/Sao_Paulo
IMP,Imperatriz,America/Fortaleza
JDF,Juiz De Fora,America/Sao_Paulo
JPA,Joao Pessoa,America/Fortaleza
JOI,Joinville,America/Sao_Paulo
CPV,Campina Grande,America/Fortaleza
VCP,Campinas,America/Sao_Paulo
LAJ,Lajes,America/Sao_Paulo
LIP,Lins,America/Sao_Paulo
LDB,Londrina,America/Sao_Paulo
LAZ,Bom Jesus Da Lapa,America/Bahia
MAB,Maraba,America/Belem
MEU,Almeirim,America/Santarem
MGF,Maringa,America/Sao_Paulo
MOC,Montes Claros,America/Sao_Paulo
PLL,Manaus,America/Manaus
MCZ,Maceio,America/Maceio
MCP,Macapa,America/Belem
MVF,Mocord,America/Fortaleza
MNX,Manicore,America/Manaus
NVT,Navegantes,America/Sao_Paulo
GEL,Santo Angelo,America/Sao_Paulo
NAT,Natal,America/Fortaleza
OYK,Oioiapoque,America/Belem
POA,Porto Alegre,America/Sao_Paulo
PHB,Parnaiba,America/Fortaleza
POO,Pocos De Caldas,America/Sao_Paulo
PFB,Passo Fundo,America/Sao_Paulo
PET,Pelotas,America/Sao_Paulo
PNZ,Petrolina,America/Recife
PNB,Porto Nacional,America/Araguaina
PMG,Ponta Pora,America/Campo_Grande
PVH,Porto Velho,America/Porto_Velho
RBR,Rio Branco,America/Rio_Branco
REC,Recife,America/Recife
SDU,Rio De Janeiro,America/Sao_Paulo
RAO,Ribeirao Preto,America/Sao_Paulo
SNZ,Rio De Janeiro,America/Sao_Paulo
SJK,Sao Jose Dos Campos,America/Sao_Paulo
SLZ,Sao Luis,America/Fortaleza
CGH,Sao Paulo,America/Sao_Paulo
SJP,Sao Jose Do Rio Preto,America/Sao_Paulo
SSZ,Santos,America/Sao_Paulo
SSA,Salvador,America/Bahia
TMT,Oriximina,America/Santarem
THE,Teresina,America/Fortaleza
TFF,Tefe,America/Manaus
TRQ,Tarauaca,America/Rio_Branco
TEC,Telemaco Borba,America/Sao_Paulo
TBT,Tabatinga,America/Manaus
TUR,Tucurui,America/Belem
SJL,Sao Gabriel,America/Manaus
PAV,Paulo Alfonso,America/Bahia
URG,Uruguaiana,America/Sao_Paulo
UDI,Uberlandia,America/Sao_Paulo
UBA,Uberaba,America/Sao_Paulo
VAG,Varginha,America/Sao_Paulo
BVH,Vilhena,America/Porto_Velho
VIX,Vitoria,America/Sao_Paulo
QPS,Piracununga,America/Sao_Paulo
ARI,Arica,America/Santiago
BBA,Balmaceda,America/Coyhaique
CCH,Chile Chico,America/Coyhaique
CJC,Calama,America/Santiago
YAI,Chillan,America/Santiago
PUQ,Punta Arenas,America/Punta_Arenas
GXQ,Coyhaique,America/Coyhaique
IQQ,Iquique,America/Santiago
SCL,Santiago,America/Santiago
ANF,Antofagasta,America/Santiago
WPR,Porvenir,America/Punta_Arenas
FFU,Futaleufu,America/Santiago
LSQ,Los Angeles,America/Santiago
WPU,Puerto Williams,America/Punta_Arenas
CCP,Concepcion,America/Santiago
IPC,Easter Island,Pacific/Easter
ZOS,Osorno,America/Santiago
VLR,Vallenar,America/Santiago
QRC,Rancagua,America/Santiago
TNM,Isla Rey Jorge,America/Punta_Arenas
LSC,La Serena,America/Santiago
PZS,Temuco,America/Santiago
PMC,Puerto Montt,America/Santiago
WCH,Chaiten,America/Santiago
ZAL,Valdivia,America/Santiago
ATF,Ambato,America/Guayaquil
OCC,Coca,America/Guayaquil
CUE,Cuenca,America/Guayaquil
GPS,Galapagos,Pacific/Galapagos
GYE,Guayaquil,America/Guayaquil
LTX,Latacunga,America/Guayaquil
MRR,Macara,America/Guayaquil
XMS,Macas,America/Guayaquil
MCH,Machala,America/Guayaquil
MEC,Manta,America/Guayaquil
PVO,Portoviejo,America/Guayaquil
UIO,Quito,America/Guayaquil
ETR,Santa Rosa,America/Guayaquil
SNC,Salinas,America/Guayaquil
TPC,Tarapoa,America/Guayaquil
TUA,Tulcan,America/Guayaquil
ASU,Asuncion,America/Asuncion
AYO,Ayolas,America/Asuncion
CIO,Conception,America/Asuncion
ESG,Mariscal Estigarribia,America/Asuncion
PIL,Pilar,America/Asuncion
AXM,Armenia,America/Bogota
PUU,Puerto Asis,America/Bogota
ELB,El Banco,America/Bogota
BGA,Bucaramanga,America/Bogota
BOG,Bogota,America/Bogota
BAQ,Barranquilla,America/Bogota
BSC,Bahia Solano,America/Bogota
BUN,Buenaventura,America/Bogota
CUC,Cucuta,America/Bogota
CTG,Cartagena,America/Bogota
CLO,Cali,America/Bogota
TCO,Tumaco,America/Bogota
CZU,Corozal,America/Bogota
EJA,Barrancabermeja,America/Bogota
FLA,Florencia,America/Bogota
GIR,Girardot,America/Bogota
GPI,Guapi,America/Bogota
IBE,Ibague,America/Bogota
IPI,Ipiales,America/Bogota
APO,Carepa,America/Bogota
MCJ,La Mina,America/Bogota
LET,Leticia,America/Bogota
EOH,Medellin,America/Bogota
MGN,Magangue,America/Bogota
MTR,Monteria,America/Bogota
MVP,Mitu,America/Bogota
MZL,Manizales,America/Bogota
NVA,Neiva,America/Bogota
OCV,Ocana,America/Bogota
OTU,Otu,America/Bogota
PCR,Puerto Carreno,America/Bogota
PEI,Pereira,America/Bogota
PTX,Pitalito,America/Bogota
PPN,Popayan,America/Bogota
PSO,Pasto,America/Bogota
PVA,Providencia,America/Bogota
MQU,Mariquita,America/Bogota
MDE,Rio Negro,America/Bogota
RCH,Rio Hacha,America/Bogota
SJE,San Jose Del Guaviare,America/Bogota
SMR,Santa Marta,America/Bogota
ADZ,San Andres Island,America/Bogota
SVI,San Vincente De Caguan,America/Bogota
TME,Tame,America/Bogota
AUC,Arauca,America/Bogota
UIB,Quibdo,America/Bogota
ULQ,Tulua,America/Bogota
VUP,Valledupar,America/Bogota
VVC,Villavicencio,America/Bogota
BJO,Bermejo,America/La_Paz
CBB,Cochabamba,America/La_Paz
CCA,Chapacura,America/La_Paz
CIJ,Cobija,America/La_Paz
LPB,La Paz,America/La_Paz
ORU,Oruro,America/La_Paz
POI,Potosi,America/La_Paz
PSZ,Puerto Suarez,America/La_Paz
SBL,Santa Ana,America/La_Paz
SRE,Sucre,America/La_Paz
TJA,Tarija,America/La_Paz
TDD,Trinidad,America/La_Paz
VLM,Villa Montes,America/La_Paz
VVI,Santa Cruz,America/La_Paz
BYC,Yacuiba,America/La_Paz
PBM,Zandery,America/Paramaribo
CAY,Cayenne,America/Cayenne
OYP,St.-georges Oyapock,America/Cayenne
AOP,Andoas,America/Lima
IBP,Iberia,America/Lima
PCL,Pucallpa,America/Lima
CHM,Chimbote,America/Lima
CIX,Chiclayo,America/Lima
AYP,Ayacucho,America/Lima
ANS,Andahuaylas,America/Lima
ATA,Anta,America/Lima
LIM,Lima,America/Lima
JJI,Juanjui,America/Lima
JAU,Jauja,America/Lima
JUL,Juliaca,America/Lima
ILQ,Ilo,America/Lima
TBP,Tumbes,America/Lima
YMS,Yurimaguas,America/Lima
CHH,Chachapoyas,America/Lima
IQT,Iquitos,America/Lima
AQP,Arequipa,America/Lima
TRU,Trujillo,America/Lima
PIO,Pisco,America/Lima
TPP,Tarapoto,America/Lima
TCQ,Tacna,America/Lima
PEM,Puerto Maldonado,America/Lima
PIU,Piura,America/Lima
TYL,Talara,America/Lima
CUZ,Cuzco,America/Lima
DZO,Durazno,America/Montevideo
MVD,Montevideo,America/Montevideo
STY,Salto,America/Montevideo
AGV,Acarigua,America/Caracas
AAO,Anaco,America/Caracas
BLA,Barcelona,America/Caracas
BNS,Barinas,America/Caracas
BRM,Barquisimeto,America/Caracas
CBL,Ciudad Bolivar,America/Caracas
CXA,Caicara De Orinoco,America/Caracas
CLZ,Calabozo,America/Caracas
CAJ,Canaima,America/Caracas
VCR,Carora,America/Caracas
CUP,Carupano,America/Caracas
CZE,Coro,America/Caracas
CUM,Cumana,America/Caracas
EOR,El Dorado,America/Caracas
EOZ,Elorza,America/Caracas
GDO,Guasdualito,America/Caracas
GUI,Guiria,America/Caracas
GUQ,Guanare,America/Caracas
HGE,Higuerote,America/Caracas
ICC,Isla De Coche,America/Caracas
LSP,Paraguana,America/Caracas
LFR,La Fria,America/Caracas
MAR,Maracaibo,America/Caracas
MRD,Merida,America/Caracas
PMV,Porlamar,America/Caracas
CCS,Caracas,America/Caracas
MUN,Maturin,America/Caracas
PYH,Puerto Ayacucho,America/Caracas
PBL,Puerto Cabello,America/Caracas
SCI,San Cristobal,America/Caracas
PZO,Guayana,America/Caracas
PTM,Palmarito,America/Caracas
SVZ,San Antonio,America/Caracas
SBB,Santa Barbara,America/Caracas
SNV,Santa Ana De Uairen,America/Caracas
STD,Santo Domingo,America/Caracas
SNF,San Felipe,America/Caracas
SFD,San Fernando De Apure,America/Caracas
SOM,San Tome,America/Caracas
STB,Santa Barbara,America/Caracas
TUV,Tucupita,America/Caracas
TMO,Tumeremo,America/Caracas
VLN,Valencia,America/Caracas
VLV,Valera,America/Caracas
VDP,Valle De La Pascua,America/Caracas
LTM,Lethem,America/Guyana
ANU,Antigua,America/Antigua
BGI,Bridgetown,America/Barbados
DCF,Canefield,America/Dominica
DOM,Dominica,America/Dominica
FDF,Fort-de-france,America/Martinique
SFG,St. Martin,America/Marigot
PTP,Pointe-a-pitre,America/Guadeloupe
GND,Point Salines,America/Grenada
STT,St. Thomas,America/St_Thomas
STX,St. Croix Island,America/St_Thomas
BQN,Aguadilla,America/Puerto_Rico
FAJ,Fajardo,America/Puerto_Rico
SIG,San Juan,America/Puerto_Rico
MAZ,Mayaguez,America/Puerto_Rico
PSE,Ponce,America/Puerto_Rico
SJU,San Juan,America/Puerto_Rico
SKB,Basse Terre,America/St_Kitts
SLU,Castries,America/St_Lucia
UVF,Hewandorra,America/St_Lucia
AUA,Oranjestad,America/Aruba
BON,Kralendijk,America/Kralendijk
CUR,Willemstad,America/Curacao
EUX,Oranjestad,America/Kralendijk
SXM,Philipsburg,America/Lower_Princes
AXA,The Valley,America/Anguilla
TAB,Scarborough,America/Port_of_Spain
POS,Port-of-spain,America/Port_of_Spain
EIS,Tortola,America/Tortola
CIW,Canouan Island,America/St_Vincent
MQS,Mustique,America/St_Vincent
SVD,Kingstown,America/St_Vincent
ALA,Alma-ata,Asia/Almaty
BXH,Balkhash,Asia/Almaty
TSE,Tselinograd,Asia/Almaty
DMB,Dzhambul,Asia/Almaty
FRU,Bishkek,Asia/Bishkek
OSS,Osh,Asia/Bishkek
CIT,Chimkent,Asia/Almaty
URA,Uralsk,Asia/Oral
PWQ,Pavlodar,Asia/Almaty
PLX,Semiplatinsk,Asia/Almaty
AKX,Aktyubinsk,Asia/Aqtobe
GYD,Baku,Asia/Baku
YKS,Yakutsk,Asia/Yakutsk
MJZ,Mirnyj,Asia/Yakutsk
BQS,Blagoveschensk,Asia/Yakutsk
KHV,Khabarovsk,Asia/Vladivostok
PVS,Provideniya Bay,Asia/Anadyr
GDX,Magadan,Asia/Magadan
PWE,Pevek,Asia/Anadyr
PKC,Petropavlovsk,Asia/Kamchatka
UUS,Yuzhno-sakhalinsk,Asia/Sakhalin
VVO,Vladivostok,Asia/Vladivostok
HTA,Chita,Asia/Chita
BTK,Bratsk,Asia/Irkutsk
IKT,Irkutsk,Asia/Irkutsk
UUD,Ulan-ude,Asia/Irkutsk
KBP,Kiev,Europe/Kyiv
DOK,Donetsk,Europe/Kyiv
DNK,Dnepropetrovsk,Europe/Kyiv
SIP,Simferopol,Europe/Simferopol
IEV,Kiev,Europe/Kyiv
LWO,Lvov,Europe/Kyiv
ODS,Odessa,Europe/Kyiv
LED,St. Petersburg,Europe/Moscow
MMK,Murmansk,Europe/Moscow
GME,Gomel,Europe/Minsk
VTB,Vitebsk,Europe/Minsk
KGD,Kaliningrad,Europe/Kaliningrad
MHP,Minsk,Europe/Minsk
MSQ,Minsk 2,Europe/Minsk
ABA,Abakan,Asia/Krasnoyarsk
BAX,Barnaul,Asia/Barnaul
KEJ,Kemorovo,Asia/Novokuznetsk
OMS,Omsk,Asia/Omsk
KRR,Krasnodar,Europe/Moscow
MCX,Makhachkala,Europe/Moscow
MRV,Mineralnye Vody,Europe/Moscow
STW,Stavropol,Europe/Moscow
ROV,Rostov,Europe/Moscow
AER,Sochi,Europe/Moscow
ASF,Astrakhan,Europe/Astrakhan
VOG,Volgograd,Europe/Volgograd
CEK,Chelyabinsk,Asia/Yekaterinburg
MQF,Magnetiogorsk,Asia/Yekaterinburg
NJC,Nizhnevartovsk,Asia/Yekaterinburg
PEE,Perm,Asia/Yekaterinburg
SGC,Surgut,Asia/Yekaterinburg
SVX,Yekaterinburg,Asia/Yekaterinburg
ASB,Ashkhabad,Asia/Ashgabat
KRW,Krasnovodsk,Asia/Ashgabat
CRZ,Chardzhou,Asia/Ashgabat
DYU,Dushanbe,Asia/Dushanbe
BHK,Bukhara,Asia/Samarkand
SKD,Samarkand,Asia/Samarkand
TAS,Tashkent,Asia/Tashkent
BZK,Bryansk,Europe/Moscow
SVO,Moscow,Europe/Moscow
KLD,Tver,Europe/Moscow
VOZ,Voronezh,Europe/Moscow
VKO,Moscow,Europe/Moscow
SCW,Syktyvkar,Europe/Moscow
KZN,Kazan,Europe/Moscow
REN,Orenburg,Asia/Yekaterinburg
UFA,Ufa,Asia/Yekaterinburg
KUF,Samara,Europe/Samara
AMD,Ahmedabad,Asia/Kolkata
AKD,Akola,Asia/Kolkata
IXU,Aurangabad,Asia/Kolkata
BOM,Mumbai,Asia/Kolkata
PAB,Bilaspur,Asia/Kolkata
BHJ,Bhuj,Asia/Kolkata
IXG,Belgaum,Asia/Kolkata
BDQ,Baroda,Asia/Kolkata
BHO,Bhopal,Asia/Kolkata
BHU,Bhaunagar,Asia/Kolkata
NMB,Daman,Asia/Kolkata
GUX,Guna,Asia/Kolkata
GOI,Goa,Asia/Kolkata
IDR,Indore,Asia/Kolkata
JLR,Jabalpur,Asia/Kolkata
JGA,Jamnagar,Asia/Kolkata
IXY,Kandla,Asia/Kolkata
HJR,Khajuraho,Asia/Kolkata
KLH,Kolhapur,Asia/Kolkata
IXK,Keshod,Asia/Kolkata
NAG,Nagpur,Asia/Kolkata
ISK,Nasik Road,Asia/Kolkata
PNQ,Pune,Asia/Kolkata
PBD,Porbandar,Asia/Kolkata
RAJ,Rajkot,Asia/Kolkata
RPR,Raipur,Asia/Kolkata
SSE,Sholapur,Asia/Kolkata
STV,Surat,Asia/Kolkata
UDR,Udaipur,Asia/Kolkata
CMB,Colombo,Asia/Colombo
ACJ,Anuradhapura,Asia/Colombo
BTC,Batticaloa,Asia/Colombo
RML,Colombo,Asia/Colombo
ADP,Galoya,Asia/Colombo
JAF,Jaffna,Asia/Colombo
TRR,Trinciomalee,Asia/Colombo
KZC,Kompong Chnang,Asia/Phnom_Penh
PNH,Phnom-penh,Asia/Phnom_Penh
REP,Siem-reap,Asia/Phnom_Penh
TNX,Stung Treng,Asia/Phnom_Penh
IXV,Along,Asia/Kolkata
IXA,Agartala,Asia/Kolkata
AJL,Aizwal,Asia/Kolkata
IXB,Baghdogra,Asia/Kolkata
BBI,Bhubaneswar,Asia/Kolkata
CCU,Kolkata,Asia/Kolkata
COH,Cooch-behar,Asia/Kolkata
DBD,Dhanbad,Asia/Kolkata
GAY,Gaya,Asia/Kolkata
IMF,Imphal,Asia/Kolkata
IXW,Jamshedpur,Asia/Kolkata
JRH,Jorhat,Asia/Kolkata
IXH,Kailashahar,Asia/Kolkata
IXS,Silchar,Asia/Kolkata
IXI,Lilabari,Asia/Kolkata
DIB,Mohanbari,Asia/Kolkata
MZU,Mazuffarpur,Asia/Kolkata
PAT,Patina,Asia/Kolkata
IXR,Ranchi,Asia/Kolkata
RRK,Rourkela,Asia/Kolkata
VTZ,Vishakhapatnam,Asia/Kolkata
ZER,Zero,Asia/Kolkata
CXB,Cox's Bazar,Asia/Dhaka
CGP,Chittagong,Asia/Dhaka
IRD,Ishurdi,Asia/Dhaka
JSR,Jessore,Asia/Dhaka
RJH,Rajshahi,Asia/Dhaka
SPD,Saidpur,Asia/Dhaka
ZYL,Sylhet Osmani,Asia/Dhaka
DAC,Dhaka,Asia/Dhaka
HKG,Hong Kong,Asia/Hong_Kong
AGR,Agra,Asia/Kolkata
IXD,Allahabad,Asia/Kolkata
ATQ,Amritsar,Asia/Kolkata
BKB,Bikaner,Asia/Kolkata
VNS,Varanasi,Asia/Kolkata
KUU,Kulu,Asia/Kolkata
BUP,Bhatinda,Asia/Kolkata
BEK,Bareilly,Asia/Kolkata
IXC,Chandigarh,Asia/Kolkata
KNU,Kanpur,Asia/Kolkata
DED,Dehra Dun,Asia/Kolkata
DEL,Delhi,Asia/Kolkata
GWL,Gwalior,Asia/Kolkata
HSS,Hissar,Asia/Kolkata
JDH,Jodhpur,Asia/Kolkata
JAI,Jaipur,Asia/Kolkata
JSA,Jaisalmer,Asia/Kolkata
IXJ,Jammu,Asia/Kolkata
KTU,Kota,Asia/Kolkata
LUH,Ludhiaha,Asia/Kolkata
IXL,Leh,Asia/Kolkata
LKO,Lucknow,Asia/Kolkata
IXP,Pathankot,Asia/Kolkata
PGH,Nainital,Asia/Kolkata
SXR,Srinagar,Asia/Kolkata
TNI,Satna,Asia/Kolkata
LPQ,Luang Prabang,Asia/Vientiane
PKZ,Pakse,Asia/Vientiane
ZVK,Savannakhet,Asia/Vientiane
NEU,Sam Neua,Asia/Vientiane
VTE,Vientiane,Asia/Vientiane
MFM,Macau,Asia/Macau
BWA,Bhairawa,Asia/Kathmandu
JKR,Janakpur,Asia/Kathmandu
KTM,Kathmandu,Asia/Kathmandu
PKR,Pokhara,Asia/Kathmandu
SIF,Simara,Asia/Kathmandu
BIR,Biratnagar,Asia/Kathmandu
AGX,Agatti Island,Asia/Kolkata
BLR,Bangalore,Asia/Kolkata
BEP,Bellary,Asia/Kolkata
VGA,Vijayawada,Asia/Kolkata
CJB,Coimbatore,Asia/Kolkata
COK,Kochi,Asia/Kolkata
CCJ,Calicut,Asia/Kolkata
CDP,Cuddapah,Asia/Kolkata
CBD,Carnicobar,Asia/Kolkata
BPM,Hyderabad,Asia/Kolkata
IXM,Madurai,Asia/Kolkata
IXE,Mangalore,Asia/Kolkata
MAA,Madras,Asia/Kolkata
IXZ,Port Blair,Asia/Kolkata
PNY,Pendicherry,Asia/Kolkata
RJA,Rajahmundry,Asia/Kolkata
SXV,Salem,Asia/Kolkata
TJV,Tanjore,Asia/Kolkata
TIR,Tirupeti,Asia/Kolkata
TRZ,Tiruchirappalli,Asia/Kolkata
TRV,Trivandrum,Asia/Kolkata
PBH,Thimphu,Asia/Thimphu
MLE,Male,Indian/Maldives
DMK,Bangkok,Asia/Bangkok
KDT,Nakhon Pathom,Asia/Bangkok
UTP,Pattaya,Asia/Bangkok
LPT,Lampang,Asia/Bangkok
PRH,Phrae,Asia/Bangkok
HHQ,Prachuap Khiri Khan,Asia/Bangkok
TKH,Nakhon Sawan,Asia/Bangkok
PHS,Phitsanulok,Asia/Bangkok
NAW,Narathiwat,Asia/Bangkok
KBV,Krabi,Asia/Bangkok
SGZ,Songkhla,Asia/Bangkok
PAN,Pattani,Asia/Bangkok
USM,Ko Samui,Asia/Bangkok
HKT,Phuket,Asia/Bangkok
UNN,Ranong,Asia/Bangkok
HDY,Hat Yai,Asia/Bangkok
TST,Trang,Asia/Bangkok
UTH,Udon Thani,Asia/Bangkok
SNO,Sakon Nakhon,Asia/Bangkok
PXR,Surin,Asia/Bangkok
LOE,Loei,Asia/Bangkok
DAD,Danang,Asia/Ho_Chi_Minh
HAN,Hanoi,Asia/Bangkok
NHA,Nhatrang,Asia/Ho_Chi_Minh
HUI,Hue,Asia/Ho_Chi_Minh
PQC,Phuquoc,Asia/Ho_Chi_Minh
SGN,Ho Chi Minh City,Asia/Ho_Chi_Minh
VBA,Ann,Asia/Yangon
NYU,Bagan,Asia/Yangon
HEH,Heho,Asia/Yangon
HOX,Hommalin,Asia/Yangon
KET,Kengtung,Asia/Yangon
KYP,Kyaukpyu,Asia/Yangon
LSH,Lashio,Asia/Yangon
MDL,Mandalay,Asia/Yangon
MGZ,Myeik,Asia/Yangon
MYT,Myitkyina,Asia/Yangon
MOE,Momeik,Asia/Yangon
MOG,Mong Hsat,Asia/Yangon
NMS,Namsang,Asia/Yangon
PAA,Hpa-an,Asia/Yangon
PBU,Putao,Asia/Yangon
PRU,Pyay,Asia/Yangon
AKY,Sittwe,Asia/Yangon
SNW,Thandwe,Asia/Yangon
THL,Tachilek,Asia/Yangon
RGN,Yangon,Asia/Yangon
UPG,Ujung Pandang,Asia/Makassar
BIK,Biak,Asia/Jayapura
NBX,Nabire,Asia/Jayapura
TIM,Timika,Asia/Jayapura
DJJ,Jayapura,Asia/Jayapura
WMX,Wamena,Asia/Jayapura
MKQ,Merauke,Asia/Jayapura
GTO,Gorontalo,Asia/Makassar
PLW,Palu,Asia/Makassar
MDC,Manado,Asia/Makassar
PSJ,Poso,Asia/Makassar
OTI,Morotai Island,Asia/Jayapura
TTE,Ternate,Asia/Jayapura
LUW,Luwuk,Asia/Makassar
AMQ,Ambon,Asia/Jayapura
FKQ,Fak Fak,Asia/Jayapura
KNG,Kaimana,Asia/Jayapura
BXB,Babo,Asia/Jayapura
MKW,Manokwari,Asia/Jayapura
SOQ,Sorong,Asia/Jayapura
BTU,Bintulu,Asia/Kuching
KCH,Kuching,Asia/Kuching
LMN,Limbang,Asia/Kuching
MUR,Marudi,Asia/Kuching
MYY,Miri,Asia/Kuching
SBW,Sibu,Asia/Kuching
LDU,Lahad Datu,Asia/Kuching
BKI,Kota Kinabalu,Asia/Kuching
LBU,Labuan,Asia/Kuching
TWU,Tawau,Asia/Kuching
BWN,Bandar Seri Begawan,Asia/Brunei
PKU,Pekanbaru,Asia/Jakarta
DUM,Dumai,Asia/Jakarta
CGK,Jakarta,Asia/Jakarta
GNS,Gunung Sitoli,Asia/Jakarta
AEG,Padang Sidempuan,Asia/Jakarta
PDG,Padang,Asia/Jakarta
MES,Medan,Asia/Jakarta
FLZ,Sibolga,Asia/Jakarta
NPO,Nangapinoh,Asia/Pontianak
KTG,Ketapang,Asia/Pontianak
PNK,Pontianak,Asia/Pontianak
DJB,Jambi,Asia/Jakarta
BKS,Bengkulu,Asia/Jakarta
PLM,Palembang,Asia/Jakarta
RGT,Rengat,Asia/Jakarta
LSX,Lhok Sukon,Asia/Jakarta
BTJ,Banda Aceh,Asia/Jakarta
AOR,Alor Setar,Asia/Kuala_Lumpur
BWH,Butterworth,Asia/Kuala_Lumpur
KBR,Kota Bahru,Asia/Kuala_Lumpur
KUA,Kuantan,Asia/Kuala_Lumpur
KTE,Kerteh,Asia/Kuala_Lumpur
IPH,Ipoh,Asia/Kuala_Lumpur
JHB,Johor Bahru,Asia/Kuala_Lumpur
KUL,Kuala Lumpur,Asia/Kuala_Lumpur
LGK,Langkawi,Asia/Kuala_Lumpur
MKZ,Malacca,Asia/Kuala_Lumpur
TGG,Kuala Terengganu,Asia/Kuala_Lumpur
PEN,Penang,Asia/Kuala_Lumpur
UAI,Suai,Asia/Dili
DIL,Dili,Asia/Dili
BCH,Baucau,Asia/Dili
QPG,Paya Lebar,Asia/Singapore
TGA,Tengah,Asia/Singapore
XSP,Singapore,Asia/Singapore
SIN,Singapore,Asia/Singapore
ACF,Brisbane,Australia/Brisbane
ABM,Amberley,Australia/Brisbane
ASP,Alice Springs,Australia/Darwin
BNE,Brisbane,Australia/Brisbane
OOL,Coolangatta,Australia/Brisbane
CNS,Cairns,Australia/Brisbane
CTL,Charlieville,Australia/Brisbane
ISA,Mount Isa,Australia/Brisbane
MCY,Maroochydore,Australia/Brisbane
MKY,Mackay,Australia/Brisbane
PPP,Prosserpine,Australia/Brisbane
ROK,Rockhampton,Australia/Brisbane
TSV,Townsville,Australia/Brisbane
WEI,Weipa,Australia/Brisbane
AVV,Avalon,Australia/Melbourne
ABX,Albury,Australia/Sydney
MEB,Melbourne,Australia/Melbourne
HBA,Hobart,Australia/Hobart
LST,Launceston,Australia/Hobart
MBW,Melbourne,Australia/Melbourne
MEL,Melbourne,Australia/Melbourne
ADL,Adelaide,Australia/Adelaide
JAD,Perth,Australia/Perth
KTA,Karratha,Australia/Perth
KGI,Kalgoorlie,Australia/Perth
KNX,Kununurra,Australia/Perth
LEA,Learmonth,Australia/Perth
PHE,Port Hedland,Australia/Perth
PER,Perth,Australia/Perth
UMR,Woomera,Australia/Adelaide
XCH,Christmas Island,Indian/Christmas
BWU,Sydney,Australia/Sydney
CBR,Canberra,Australia/Sydney
CFS,Coff's Harbour,Australia/Sydney
CDU,Camden,Australia/Sydney
DBO,Dubbo,Australia/Sydney
NLK,Norfolk Island,Pacific/Norfolk
XRH,Richmond,Australia/Sydney
SYD,Sydney,Australia/Sydney
TMW,Tamworth,Australia/Sydney
WGA,Wagga Wagga,Australia/Sydney
PEK,Beijing,Asia/Shanghai
HLD,Hailar,Asia/Shanghai
TSN,Tianjin,Asia/Shanghai
TYN,Taiyuan,Asia/Shanghai
CAN,Guangzhou,Asia/Shanghai
CSX,Changcha,Asia/Shanghai
KWL,Guilin,Asia/Shanghai
NNG,Nanning,Asia/Shanghai
SZX,Shenzhen,Asia/Shanghai
CGO,Zhengzhou,Asia/Shanghai
WUH,Wuhan,Asia/Shanghai
FNJ,Pyongyang,Asia/Pyongyang
LHW,Lanzhou,Asia/Shanghai
XIY,Xi'an,Asia/Shanghai
ULN,Ulan Bator,Asia/Ulaanbaatar
JHG,Jinghonggasa,Asia/Shanghai
KMG,Kunming,Asia/Shanghai
XMN,Xiamen,Asia/Shanghai
KHN,Nanchang,Asia/Shanghai
FOC,Fuzhou,Asia/Shanghai
HGH,Hangzhou,Asia/Shanghai
NGB,Ninbo,Asia/Shanghai
NKG,Nanjing,Asia/Shanghai
HFE,Hefei,Asia/Shanghai
TAO,Qingdao,Asia/Shanghai
SHA,Shanghai,Asia/Shanghai
YNT,Yantai,Asia/Shanghai
CKG,Chongqing,Asia/Shanghai
KWE,Guiyang,Asia/Shanghai
CTU,Chengdu,Asia/Shanghai
XIC,Xichang,Asia/Shanghai
KHG,Kashi,Asia/Urumqi
HTN,Hotan,Asia/Urumqi
URC,Urumqi,Asia/Urumqi
HRB,Harbin,Asia/Shanghai
MDG,Mudanjiang,Asia/Shanghai
DLC,Dalian,Asia/Shanghai
PVG,Shanghai,Asia/Shanghai
TOD,Tioman,Asia/Kuala_Lumpur
SZB,Kuala Lumpur,Asia/Kuala_Lumpur
NTQ,Wajima,Asia/Tokyo
HBE,Alexandria,Africa/Cairo
BTI,Barter Island,America/Anchorage
LUR,Cape Lisburne,America/Nome
PIZ,Point Lay,America/Nome
ITO,Hilo,Pacific/Honolulu
ORL,Orlando,America/New_York
BTT,Bettles,America/Anchorage
UTO,Indian Mountains,America/Anchorage
FYU,Fort Yukon,America/Anchorage
SVW,Sparrevohn,America/Anchorage
FRN,Fort Richardson,America/Anchorage
TLJ,Tatalina,America/Anchorage
CZF,Cape Romanzof,America/Nome
BED,Bedford,America/New_York
SNP,St. Paul Island,America/Nome
EHM,Cape Newenham,America/Nome
STG,Point Barrow,America/Nome
ILI,Iliamna,America/Anchorage
PTU,Port Moller,America/Anchorage
BMX,Big Mountain,America/Anchorage
OSC,Oscoda,America/Detroit
OAR,Fort Ord,America/Los_Angeles
MHR,Sacramento,America/Los_Angeles
BYS,Fort Irwin,America/Los_Angeles
FSM,Fort Smith,America/Chicago
MRI,Anchorage,America/Anchorage
GNT,Grants,America/Denver
PNC,Ponca City,America/Chicago
SVN,Hunter Aaf,America/New_York
GFK,Grand Forks,America/Chicago
PBF,Pine Bluff,America/Chicago
NSE,Milton,America/Chicago
HNM,Hana,Pacific/Honolulu
PRC,Prescott,America/Phoenix
TTN,Trenton,America/New_York
BOS,Boston,America/New_York
SUU,Fairfield,America/Los_Angeles
RME,Rome,America/New_York
ENV,Wendover,America/Denver
BFM,Mobile,America/Chicago
OAK,Oakland,America/Los_Angeles
OMA,Omaha,America/Chicago
OGG,Kahului,Pacific/Honolulu
ICT,Wichita,America/Chicago
MCI,Kansas City,America/Chicago
MSN,Madison,America/Chicago
DLG,Dillingham,America/Anchorage
HRO,Harrison,America/Chicago
PHX,Phoenix,America/Phoenix
BGR,Bangor,America/New_York
FXE,Fort Lauderdale,America/New_York
GGG,Longview,America/Chicago
AND,Andersen,America/New_York
GEG,Spokane,America/Los_Angeles
HWO,Hollywood,America/New_York
SFO,San Francisco,America/Los_Angeles
CTB,Cutbank,America/Denver
ARA,Louisiana,America/Chicago
GNV,Gainesville,America/New_York
MEM,Memphis,America/Chicago
DUG,Douglas,America/Phoenix
BIG,Delta Junction,America/Anchorage
CNW,Waco,America/Chicago
ANN,Annette Island,America/Metlakatla
CAR,Caribou,America/New_York
LRF,Jacksonville,America/Chicago
HUA,Redstone,America/Chicago
POB,Fort Bragg,America/New_York
DHT,Dalhart,America/Chicago
DLF,Del Rio,America/Chicago
LAX,Los Angeles,America/Los_Angeles
ANB,Anniston,America/Chicago
CLE,Cleveland,America/New_York
DOV,Dover,America/New_York
CVG,Cincinnati,America/New_York
FME,Fort Meade,America/New_York
HON,Huron,America/Chicago
JNU,Juneau,America/Juneau
LFT,Lafayette,America/Chicago
EWR,Newark,America/New_York
BOI,Boise,America/Boise
INS,Indian Springs,America/Los_Angeles
GCK,Garden City,America/Chicago
MOT,Minot,America/Chicago
HHI,Wahiawa,Pacific/Honolulu
MXF,Montgomery,America/Chicago
DAL,Dallas,America/Chicago
FCS,Fort Carson,America/Denver
HLN,Helena,America/Denver
NKX,Miramar,America/Los_Angeles
LUF,Phoenix,America/Phoenix
HHR,Hawthorne,America/Los_Angeles
HUL,Houlton,America/New_York
END,Enid,America/Chicago
NTD,Point Mugu,America/Los_Angeles
EDW,Edwards Afb,America/Los_Angeles
LCH,Lake Charles,America/Chicago
KOA,Kona,Pacific/Honolulu
MYR,Myrtle Beach,America/New_York
NLC,Lemoore,America/Los_Angeles
ACK,Nantucket,America/New_York
FAF,Fort Eustis,America/New_York
HOP,Hopkinsville,America/Chicago
DCA,Washington,America/New_York
NHK,Patuxent River,America/New_York
PSX,Palacios,America/Chicago
BYH,Blytheville,America/Chicago
ACY,Atlantic City,America/New_York
TIK,Oklahoma City,America/Chicago
ECG,Elizabeth City,America/New_York
PUB,Pueblo,America/Denver
PQI,Presque Isle,America/New_York
GRF,Fort Lewis,America/Los_Angeles
ADQ,Kodiak,America/Anchorage
UPP,Opolu,Pacific/Honolulu
FLL,Fort Lauderdale,America/New_York
INL,International Falls,America/Chicago
SLC,Salt Lake City,America/Denver
CDS,Childress,America/Chicago
BIX,Biloxi,America/Chicago
LSF,Fort Benning,America/New_York
NQI,Kingsville,America/Chicago
FRI,Fort Riley,America/Chicago
MDT,Harrisburg,America/New_York
LNK,Lincoln,America/Chicago
LAN,Lansing,America/Detroit
MUE,Kamuela,Pacific/Honolulu
MSS,Massena,America/New_York
HKY,Hickory,America/New_York
SPG,St. Petersburg,America/New_York
FMY,Fort Myers,America/New_York
IAH,Houston,America/Chicago
ADW,Camp Springs,America/New_York
INT,Winston-salem,America/New_York
VCV,Victorville,America/Los_Angeles
CEW,Crestview,America/Chicago
PHN,Port Huron,America/Detroit
BFL,Bakersfield,America/Los_Angeles
ELP,El Paso,America/Denver
HRL,Harlingen,America/Chicago
CAE,Columbia,America/New_York
DMA,Tucson,America/Phoenix
NPA,Pensacola,America/Chicago
PNS,Pensacola,America/Chicago
RDR,Red River,America/Chicago
HOU,Houston,America/Chicago
BFK,Buckley,America/Denver
ORT,Northway,America/Anchorage
PAQ,Palmer,America/Anchorage
PIT,Pittsburgh,America/New_York
BRW,Barrow,America/Anchorage
EFD,Houston,America/Chicago
NUW,Whidbey Island,America/Los_Angeles
ALI,Alice,America/Chicago
VAD,Valdosta,America/New_York
MIA,Miami,America/New_York
SEA,Seattle,America/Los_Angeles
CHA,Chattanooga,America/New_York
BDR,Stratford,America/New_York
JAN,Jackson,America/Chicago
GLS,Galveston,America/Chicago
LGB,Long Beach,America/Los_Angeles
HDH,Dillingham,Pacific/Honolulu
IPT,Williamsport,America/New_York
IND,Indianapolis,America/Indiana/Indianapolis
SZL,Knobnoster,America/Chicago
AKC,Akron,America/New_York
GWO,Greenwood,America/Chicago
HPN,White Plains,America/New_York
FOK,West Hampton Beach,America/New_York
JBR,Jonesboro,America/Chicago
XSD,Tonopah,America/Los_Angeles
LNA,West Palm Beach,America/New_York
NZY,San Diego,America/Los_Angeles
BIF,El Paso,America/Denver
YUM,Yuma,America/Phoenix
CNM,Carlsbad,America/Denver
DLH,Duluth,America/Chicago
BET,Bethel,America/Anchorage
LOU,Louisville,America/Kentucky/Louisville
FHU,Fort Huachuca,America/Phoenix
LIH,Lihue,Pacific/Honolulu
HUF,Terre Haute,America/Indiana/Indianapolis
HVR,Havre,America/Denver
MWH,Grant County Airport,America/Los_Angeles
MPV,Montpelier,America/New_York
RIC,Richmond,America/New_York
SHV,Shreveport,America/Chicago
CDV,Cordova,America/Anchorage
ORF,Norfolk,America/New_York
BPT,Beaumont,America/Chicago
SAV,Savannah,America/New_York
HIF,Ogden,America/Denver
OME,Nome,America/Nome
PIE,St. Petersburg,America/New_York
MNM,Macon,America/Menominee
CXO,Conroe,America/Chicago
SCC,Deadhorse,America/Anchorage
SAT,San Antonio,America/Chicago
ROC,Rochester,America/New_York
COF,Coco Beach,America/New_York
TEB,Teterboro,America/New_York
RCA,Rapid City,America/Denver
RDU,Raleigh-durham,America/New_York
DAY,Dayton,America/New_York
ENA,Kenai,America/Anchorage
MLC,Mcalester,America/Chicago
IAG,Niagara Falls,America/New_York
CFD,Bryan,America/Chicago
LIY,Wright,America/New_York
PHF,Newport News,America/New_York
ESF,Alexandria,America/Chicago
LTS,Altus,America/Chicago
TUS,Tucson,America/Phoenix
MIB,Minot,America/Chicago
BAB,Marysville,America/Los_Angeles
IKK,Kankakee,America/Chicago
GSB,Goldsboro,America/New_York
PVD,Providence,America/New_York
SBY,Salisbury,America/New_York
BUR,Burbank,America/Los_Angeles
DTW,Detroit,America/Detroit
TPA,Tampa,America/New_York
PMB,Pembina,America/Chicago
POE,Fort Polk,America/Chicago
EIL,Fairbanks,America/Anchorage
HIB,Hibbing,America/Chicago
LFK,Lufkin,America/Chicago
MAF,Midland,America/Chicago
GRB,Green Bay,America/Chicago
ADM,Ardmore,America/Chicago
WRI,Wrightstown,America/New_York
AGS,Bush Field,America/New_York
ISN,Williston,America/Chicago
LIT,Little Rock,America/Chicago
SWF,Newburgh,America/New_York
BDE,Baudette,America/Chicago
SAC,Sacramento,America/Los_Angeles
HOM,Homer,America/Anchorage
TBN,Fort Leonardwood,America/Chicago
MGE,Marietta,America/New_York
SKA,Spokane,America/Los_Angeles
HTL,Houghton Lake,America/Detroit
PAM,Panama City,America/Chicago
DFW,Dallas-Fort Worth,America/Chicago
MLB,Melbourne,America/New_York
TCM,Tacoma,America/Los_Angeles
AUS,Austin,America/Chicago
LCK,Columbus,America/New_York
MQT,Gwinn,America/Detroit
TYS,Knoxville,America/New_York
HLR,Fort Hood,America/Chicago
STL,St. Louis,America/Chicago
MIV,Millville,America/New_York
SPS,Wichita Falls,America/Chicago
LUK,Cincinnati,America/New_York
ATL,Atlanta,America/New_York
MER,Merced,America/Los_Angeles
MCC,Sacramento,America/Los_Angeles
GRR,Grand Rapids,America/Detroit
INK,Wink,America/Chicago
FAT,Fresno,America/Los_Angeles
VRB,Vero Beach,America/New_York
IPL,Imperial,America/Los_Angeles
BNA,Nashville,America/Chicago
LRD,Laredo,America/Chicago
EDF,Anchorage,America/Anchorage
OTZ,Kotzebue,America/Nome
AOO,Altoona,America/New_York
DYS,Abilene,America/Chicago
ELD,El Dorado,America/Chicago
LGA,New York,America/New_York
TLH,Tallahassee,America/New_York
DPA,West Chicago,America/Chicago
ACT,Waco,America/Chicago
AUG,Augusta,America/New_York
NIP,Jacksonville,America/New_York
MKL,Jackson,America/Chicago
MKK,Molokai,Pacific/Honolulu
FTK,Fort Knox,America/New_York
SJT,San Angelo,America/Chicago
CXL,Calexico,America/Los_Angeles
CIC,Chico,America/Los_Angeles
BTV,Burlington,America/New_York
JAX,Jacksonville,America/New_York
DRO,Durango,America/Denver
IAD,Washington,America/New_York
CLL,College Station,America/Chicago
SFF,Spokane,America/Los_Angeles
MKE,Milwaukee,America/Chicago
ABI,Abilene,America/Chicago
COU,Columbia,America/Chicago
PDX,Portland,America/Los_Angeles
TNT,Miami,America/New_York
PBI,West Palm Beach,America/New_York
FTW,Fort Worth,America/Chicago
OGS,Ogdensburg,America/New_York
FMH,Falmouth,America/New_York
BFI,Seattle,America/Los_Angeles
SKF,San Antonio,America/Chicago
HNL,Honolulu,Pacific/Honolulu
DSM,Des Moines,America/Chicago
EWN,New Bern,America/New_York
SAN,San Diego,America/Los_Angeles
MLU,Monroe,America/Chicago
SSC,Sumter,America/New_York
ONT,Ontario,America/Los_Angeles
GVT,Greenvile,America/Chicago
ROW,Roswell,America/Denver
DET,Detroit,America/Detroit
BRO,Brownsville,America/Chicago
DHN,Dothan,America/Chicago
WWD,Wildwood,America/New_York
NFL,Fallon,America/Los_Angeles
MTC,Mount Clemens,America/Detroit
FMN,Farmington,America/Denver
CRP,Corpus Christi,America/Chicago
SYR,Syracuse,America/New_York
NQX,Key West,America/New_York
MDW,Chicago,America/Chicago
SJC,San Jose,America/Los_Angeles
HOB,Hobbs,America/Denver
PNE,Philadelphia,America/New_York
DEN,Denver,America/Denver
PHL,Philadelphia,America/New_York
SUX,Sioux City,America/Chicago
MCN,Macon,America/New_York
TCS,Truth Or Consequences,America/Denver
PMD,Palmdale,America/Los_Angeles
RND,San Antonio,America/Chicago
NJK,El Centro,America/Los_Angeles
CMH,Columbus,America/New_York
FYV,Fayetteville,America/Chicago
FSI,Fort Sill,America/Chicago
FFO,Dayton,America/New_York
GAL,Galena,America/Anchorage
MWL,Mineral Wells,America/Chicago
IAB,Wichita,America/Chicago
NBG,New Orleans,America/Chicago
BFT,Beaufort,America/New_York
TXK,Texarkana,America/Chicago
PBG,Plattsburgh,America/New_York
APG,Aberdeen,America/New_York
TCC,Tucumcari,America/Denver
ANC,Anchorage,America/Anchorage
GRK,Killeen,America/Chicago
BLI,Bellingham,America/Los_Angeles
NQA,Millington,America/Chicago
EKN,Elkins,America/New_York
HFD,Hartford,America/New_York
SFZ,Smithfield,America/New_York
MOB,Mobile,America/Chicago
NUQ,Mountain View,America/Los_Angeles
SAF,Santa Fe,America/Denver
BKH,Barking Sands,Pacific/Honolulu
DRI,Deridder,America/Chicago
BSF,Bradshaw Field,Pacific/Honolulu
OLS,Nogales,America/Phoenix
MCF,Tampa,America/New_York
BLV,Belleville,America/Chicago
OPF,Miami,America/New_York
DRT,Del Rio,America/Chicago
RSW,Fort Myers,America/New_York
AKN,King Salmon,America/Anchorage
MUI,Muir,America/New_York
JHM,Lahania-kapalua,Pacific/Honolulu
JFK,New York,America/New_York
HST,Homestead,America/New_York
RAL,Riverside,America/Los_Angeles
FLV,Fort Leavenworth,America/Chicago
WAL,Wallops Island,America/New_York
HMN,Alamogordo,America/Denver
NXX,Willow Grove,America/New_York
CYS,Cheyenne,America/Denver
SCK,Stockton,America/Los_Angeles
CHS,Charleston,America/New_York
RNO,Reno,America/Los_Angeles
KTN,Ketchikan,America/Sitka
YIP,Detroit,America/Detroit
VBG,Lompoc,America/Los_Angeles
BHM,Birmingham,America/Chicago
NEL,Lakehurst,America/New_York
SYA,Shemya,America/Adak
LSV,Las Vegas,America/Los_Angeles
RIV,Riverside,America/Los_Angeles
MOD,Modesto,America/Los_Angeles
SMF,Sacramento,America/Los_Angeles
UGN,Chicago,America/Chicago
COS,Colorado Springs,America/Denver
BUF,Buffalo,America/New_York
SKY,Sandusky,America/New_York
PAE,Everett,America/Los_Angeles
MUO,Mountain Home,America/Boise
CDC,Cedar City,America/Denver
BDL,Windsor Locks,America/New_York
MFE,Mcallen,America/Chicago
NGU,Norfolk,America/New_York
CEF,Chicopee Falls,America/New_York
LBB,Lubbock,America/Chicago
ORD,Chicago,America/Chicago
BCT,Boca Raton,America/New_York
FAI,Fairbanks,America/Anchorage
CVS,Clovis,America/Denver
NGF,Kaneohe Bay,Pacific/Honolulu
OFF,Omaha,America/Chicago
GKN,Gulkana,America/Anchorage
ART,Watertown,America/New_York
PSP,Palm Springs,America/Los_Angeles
AMA,Amarillo,America/Chicago
FOD,Fort Dodge,America/Chicago
BAD,Shreveport,America/Chicago
FOE,Topeka,America/Chicago
COT,Cotulla,America/Chicago
ILM,Wilmington,America/New_York
BTR,Baton Rouge,America/Chicago
TYR,Tyler,America/Chicago
BWI,Baltimore,America/New_York
HBR,Hobart,America/Chicago
LNY,Lanai,Pacific/Honolulu
AEX,Alexandria,America/Chicago
WSD,White Sands,America/Denver
CDB,Cold Bay,America/Nome
TUL,Tulsa,America/Chicago
SIT,Sitka,America/Sitka
ISP,Islip,America/New_York
MSP,Minneapolis,America/Chicago
ILG,Wilmington,America/New_York
DUT,Unalaska,America/Nome
MSY,New Orleans,America/Chicago
PWM,Portland,America/New_York
OKC,Oklahoma City,America/Chicago
ALB,Albany,America/New_York
VDZ,Valdez,America/Anchorage
LFI,Hampton,America/New_York
SNA,Santa Ana,America/Los_Angeles
CBM,Colombus,America/Chicago
TMB,Kendall-tamiami,America/New_York
NTU,Oceana,America/New_York
GUS,Peru,America/Indiana/Indianapolis
CPR,Casper,America/Denver
VPS,Valparaiso,America/Chicago
SEM,Selma,America/Chicago
EYW,Key West,America/New_York
CLT,Charlotte,America/New_York
LAS,Las Vegas,America/Los_Angeles
MCO,Orlando,America/New_York
FLO,Florence,America/New_York
GTF,Great Falls,America/Denver
YNG,Youngstown,America/New_York
FBK,Fort Wainwright,America/Anchorage
WRB,Macon,America/New_York
BKK,Bangkok,Asia/Bangkok
NAH,Naha,Asia/Makassar
MXB,Masamba,Asia/Makassar
SQR,Soroako,Asia/Makassar
TTR,Makale,Asia/Makassar
KDI,Kendari,Asia/Makassar
SBG,Sabang,Asia/Jakarta
TSY,Tasikmalaya,Asia/Jakarta
MLG,Malang,Asia/Jakarta
BDO,Bandung,Asia/Jakarta
CBN,Cirebon,Asia/Jakarta
JOG,Yogyakarta,Asia/Jakarta
CXP,Cilacap,Asia/Jakarta
PCB,Jakarta,Asia/Jakarta
SRG,Semarang,Asia/Jakarta
BTH,Batam,Asia/Jakarta
TJQ,Tanjung Pandan,Asia/Jakarta
PGK,Pangkal Pinang,Asia/Jakarta
TNJ,Tanjung Pinang,Asia/Jakarta
SIQ,Singkep,Asia/Jakarta
BDJ,Banjarmasin,Asia/Makassar
BTW,Batu Licin,Asia/Makassar
PKN,Pangkalan Bun,Asia/Pontianak
PKY,Palangkaraya,Asia/Pontianak
MOF,Maumere,Asia/Makassar
ENE,Ende,Asia/Makassar
RTG,Ruteng,Asia/Makassar
KOE,Kupang,Asia/Makassar
LBJ,Labuhan Bajo,Asia/Makassar
BPN,Balikpapan,Asia/Makassar
TRK,Taraken,Asia/Makassar
SRI,Samarinda,Asia/Makassar
TSX,Tanjung Santan,Asia/Makassar
AMI,Mataram,Asia/Makassar
BMU,Bima,Asia/Makassar
WGP,Waingapu,Asia/Makassar
SUB,Surabaya,Asia/Jakarta
SOC,Solo City,Asia/Jakarta
ICN,Seoul,Asia/Seoul
CNX,Chiang Mai,Asia/Bangkok
CEI,Chiang Rai,Asia/Bangkok
NST,Nakhon Si Thammarat,Asia/Bangkok
NAK,Nakhon Ratchasima,Asia/Bangkok
KOP,Nakhon Phanom,Asia/Bangkok
UBP,Ubon Ratchathani,Asia/Bangkok
KKC,Khon Kaen,Asia/Bangkok
THS,Sukhothai,Asia/Bangkok
DPS,Denpasar,Asia/Makassar
ATH,Athens,Europe/Athens
NGO,Nagoya,Asia/Tokyo
UKB,Kobe,Asia/Tokyo
PUW,Pullman,America/Los_Angeles
LWS,Lewiston,America/Los_Angeles
ELM,Elmira,America/New_York
ITH,Ithaca,America/New_York
MRY,Monterey,America/Los_Angeles
SBA,Santa Barbara,America/Los_Angeles
DAB,Daytona Beach,America/New_York
LPX,Liepaja,Europe/Riga
RIX,Riga,Europe/Riga
SQQ,Siauliai,Europe/Vilnius
HLJ,Barysiai,Europe/Vilnius
KUN,Kaunas,Europe/Vilnius
PLQ,Palanga,Europe/Vilnius
VNO,Vilnius,Europe/Vilnius
PNV,Panevezys,Europe/Vilnius
EVN,Yerevan,Asia/Yerevan
LWN,Gyumri,Asia/Yerevan
ASA,Assab,Africa/Asmara
ASM,Asmara,Africa/Asmara
MSW,Massawa,Africa/Asmara
GZA,Gaza,Asia/Gaza
BUS,Batumi,Asia/Tbilisi
KUT,Kutaisi,Asia/Tbilisi
TBS,Tbilisi,Asia/Tbilisi
RIY,Mukalla,Asia/Aden
TAI,Taiz,Asia/Aden
HOD,Hodeidah,Asia/Aden
ADE,Aden,Asia/Aden
AXK,Ataq,Asia/Aden
AAY,Al Ghaidah Intl,Asia/Aden
SAH,Sanaa,Asia/Aden
BHN,Beihan,Asia/Aden
SCT,Socotra,Asia/Aden
FMM,Memmingen,Europe/Berlin
NAV,Nevsehir,Europe/Istanbul
EZE,Buenos Aires,America/Argentina/Buenos_Aires
EBL,Erbil,Asia/Baghdad
EMD,Emerald,Australia/Brisbane
HEW,Athens,Europe/Athens
KIX,Osaka,Asia/Tokyo
JRB,New York,America/New_York
TAG,Tagbilaran,Asia/Manila
JAV,Ilulissat,America/Nuuk
JCH,Qasigiannguit,America/Nuuk
JEG,Aasiaat,America/Nuuk
PMI,Palma de Mallorca,Europe/Madrid
DRW,Darwin,Australia/Darwin
URT,Surat Thani,Asia/Bangkok
TKA,Talkeetna,America/Anchorage
GZM,Gozo,Europe/Malta
HVN,New Haven,America/New_York
AVL,Asheville,America/New_York
GSO,Greensboro,America/New_York
FSD,Sioux Falls,America/Chicago
AYQ,Uluru,Australia/Darwin
MHT,Manchester NH,America/New_York
APF,Naples,America/New_York
RDN,Redang,Asia/Kuala_Lumpur
SDF,Louisville,America/Kentucky/Louisville
CHO,Charlottesville VA,America/New_York
ROA,Roanoke VA,America/New_York
LEX,Lexington KY,America/New_York
EVV,Evansville,America/Chicago
ABQ,Albuquerque,America/Denver
BZN,Bozeman,America/Denver
BIL,Billings,America/Denver
BTM,Butte,America/Denver
TVC,Traverse City,America/Detroit
FRS,Flores,America/Guatemala
BHB,Bar Harbor,America/New_York
RKD,Rockland,America/New_York
JAC,Jacksn Hole,America/Denver
RFD,Rockford,America/Chicago
DME,Moscow,Europe/Moscow
SYX,Sanya,Asia/Shanghai
MFN,Milford Sound,Pacific/Auckland
LJG,Lijiang,Asia/Shanghai
GSP,Greenville,America/New_York
BMI,Bloomington,America/Chicago
GPT,Gulfport,America/Chicago
AZO,Kalamazoo,America/Detroit
TOL,Toledo,America/New_York
FWA,Fort Wayne,America/Indiana/Indianapolis
DEC,Decatur,America/Chicago
CID,Cedar Rapids,America/Chicago
LSE,La Crosse,America/Chicago
CWA,Wassau,America/Chicago
PIA,Peoria,America/Chicago
ATW,Appleton,America/Chicago
RST,Rochester,America/Chicago
CMI,Champaign,America/Chicago
MHK,Manhattan,America/Chicago
KGC,Kingscote,Australia/Adelaide
HVB,Hervey Bay,Australia/Brisbane
DLU,Dali,Asia/Shanghai
MZV,Mulu,Asia/Kuching
SSH,Sharm El Sheikh,Africa/Cairo
FKL,Franklin,America/New_York
NBO,Nairobi,Africa/Nairobi
SEU,Seronera,Africa/Dar_es_Salaam
FTE,El Calafate,America/Argentina/Rio_Gallegos
ARM,Armidale,Australia/Sydney
GJT,Grand Junction,America/Denver
SGU,Saint George,America/Denver
DWH,Houston,America/Chicago
SRQ,Sarasota,America/New_York
BDA,Bermuda,Atlantic/Bermuda
VNY,Van Nuys,America/Los_Angeles
MLI,Moline,America/Chicago
PFN,Panama City,America/Chicago
HIR,Honiara,Pacific/Guadalcanal
PPT,Papeete,Pacific/Tahiti
INU,Nauru,Pacific/Nauru
FUN,Funafuti,Pacific/Funafuti
OVB,Novosibirsk,Asia/Novosibirsk
XKH,Phon Savan,Asia/Vientiane
BIS,Bismarck,America/Chicago
TEX,Telluride,America/Denver
HGN,Mae Hong Son,Asia/Bangkok
RAP,Rapid City,America/Denver
CLD,Carlsbad,America/Los_Angeles
FNT,Flint,America/Detroit
DVO,Davao,Asia/Manila
FNC,Funchal,Atlantic/Madeira
STM,Santarem,America/Santarem
KOS,Sihanoukville,Asia/Phnom_Penh
YOA,Ekati,America/Edmonton
NPE,NAPIER,Pacific/Auckland
LEV,Levuka,Pacific/Fiji
LXA,Lhasa,Asia/Shanghai
RDD,Redding,America/Los_Angeles
EUG,Eugene,America/Los_Angeles
IDA,Idaho Falls,America/Boise
MFR,Medford,America/Los_Angeles
KBZ,Kaikoura,Pacific/Auckland
RDM,Redmond-Bend,America/Los_Angeles
PCN,Picton,Pacific/Auckland
WDH,Windhoek,Africa/Windhoek
YWH,Victoria,America/Vancouver
TNA,Jinan,Asia/Shanghai
CZX,Changzhou,Asia/Shanghai
YBP,Yibin,Asia/Shanghai
TJM,Tyumen,Asia/Yekaterinburg
CAK,Akron,America/New_York
HSV,Huntsville,America/Chicago
PKB,PARKERSBURG,America/New_York
MGM,MONTGOMERY,America/Chicago
TRI,BRISTOL,America/New_York
PAH,PADUCAH,America/Chicago
JIB,Djibouti,Africa/Djibouti
HAK,Haikou,Asia/Shanghai
MFA,Mafia Island,Africa/Dar_es_Salaam
PGA,Page,America/Phoenix
UII,Utila,America/Tegucigalpa
FCA,Kalispell,America/Denver
MBS,Saginaw,America/Detroit
BGM,Binghamton,America/New_York
BGW,Baghdad,Asia/Baghdad
NNT,Nan,Asia/Bangkok
ROI,Roi Et,Asia/Bangkok
BFV,Buri Ram,Asia/Bangkok
TDX,Trat,Asia/Bangkok
BLH,Blythe,America/Los_Angeles
IQA,Al Asad,Asia/Baghdad
TQD,Al Taqaddum,Asia/Baghdad
XQC,Al Bakr,Asia/Baghdad
CRK,Angeles City,Asia/Manila
SDK,Sandakan,Asia/Kuching
LXG,Luang Namtha,Asia/Vientiane
ODY,Muang Xay,Asia/Vientiane
SHE,Shenyang,Asia/Shanghai
DOY,Dongying,Asia/Shanghai
MNI,Geralds,America/Montserrat
PSG,Petersburg,America/Sitka
LYA,Luoyang,Asia/Shanghai
XUZ,Xuzhou,Asia/Shanghai
MWQ,Magwe,Asia/Yangon
KHM,Khamti,Asia/Yangon
DLI,Dalat,Asia/Ho_Chi_Minh
VDH,Dong Hoi,Asia/Bangkok
VKG,Rach Gia,Asia/Ho_Chi_Minh
CAH,Ca Mau,Asia/Ho_Chi_Minh
VCL,Chu Lai,Asia/Ho_Chi_Minh
TBB,Tuy Hoa,Asia/Ho_Chi_Minh
PYY,Pai,Asia/Bangkok
BWK,Brac,Europe/Zagreb
NSI,Yaounde,Africa/Douala
CKY,Conakry,Africa/Conakry
AAH,Aachen,Europe/Berlin
FKB,Karlsruhe/Baden-Baden,Europe/Berlin
SFB,Sanford,America/New_York
JST,Johnstown,America/New_York
LUA,Lukla,Asia/Kathmandu
BHP,Bhojpur,Asia/Kathmandu
LDN,Lamidanda,Asia/Kathmandu
JMO,Jomsom,Asia/Kathmandu
NGX,Manang,Asia/Kathmandu
PPL,Phaplu,Asia/Kathmandu
RUM,Rumjatar,Asia/Kathmandu
DNP,Dang,Asia/Kathmandu
RUK,Rukumkot,Asia/Kathmandu
JUM,Jumla,Asia/Kathmandu
TPJ,Taplejung,Asia/Kathmandu
TMI,Tumling Tar,Asia/Kathmandu
SKH,Surkhet,Asia/Kathmandu
IMK,Simikot,Asia/Kathmandu
DOP,Dolpa,Asia/Kathmandu
BJH,Bajhang,Asia/Kathmandu
DHI,Dhangarhi,Asia/Kathmandu
MWX,Muan,Asia/Seoul
JTY,Astypalaia,Europe/Athens
JIK,Ikaria,Europe/Athens
JKL,Kalymnos,Europe/Athens
MLO,Milos,Europe/Athens
JNX,Cyclades Islands,Europe/Athens
PAS,Paros,Europe/Athens
KZS,Kastelorizo,Europe/Athens
RMF,Marsa Alam,Africa/Cairo
NRN,Weeze,Europe/Berlin
USU,Busuanga,Asia/Manila
BXU,Butuan,Asia/Manila
DPL,Dipolog,Asia/Manila
LAO,Laoag,Asia/Manila
LGP,Legazpi,Asia/Manila
OZC,Ozamis,Asia/Manila
CEB,Cebu,Asia/Manila
NOD,Norden,Europe/Berlin
JUI,Juist,Europe/Berlin
BPS,Porto Seguro,America/Bahia
QIG,Iguatu,America/Fortaleza
PMW,Palmas,America/Araguaina
CLV,Caldas Novas,America/Sao_Paulo
MSO,Missoula,America/Denver
BKQ,Blackall,Australia/Brisbane
BDB,Bundaberg,Australia/Brisbane
GCN,Grand Canyon,America/Phoenix
SGR,Sugar Land,America/Chicago
APA,Denver,America/Denver
CVN,Clovis,America/Denver
FST,Fort Stockton,America/Chicago
LVS,Las Vegas,America/Denver
IWS,Houston,America/Chicago
LRU,Las Cruces,America/Denver
BKD,Breckenridge,America/Chicago
TPL,Temple,America/Chicago
OZA,Ozona,America/Chicago
KDM,Kaadedhdhoo,Indian/Maldives
LAK,Aklavik,America/Inuvik
YWJ,Deline,America/Inuvik
ZFN,Tulita,America/Inuvik
YGH,Fort Good Hope,America/Inuvik
TAH,Tanna,Pacific/Efate
YPC,Paulatuk,America/Inuvik
SRZ,Santa Cruz,America/La_Paz
SAB,Saba,America/Kralendijk
EGE,Vail,America/Denver
SKN,Stokmarknes,Europe/Oslo
CGF,Richmond Heights,America/New_York
MFD,Mansfield,America/New_York
CSG,Columbus,America/New_York
LAW,Lawton,America/Chicago
FNL,Fort Collins,America/Denver
FLG,Flagstaff,America/Phoenix
TVL,South Lake Tahoe,America/Los_Angeles
TWF,Twin Falls,America/Boise
MVY,Vineyard Haven MA,America/New_York
CON,Concord NH,America/New_York
GON,Groton CT,America/New_York
STC,Saint Cloud,America/Chicago
BPE,Bagan,Asia/Shanghai
GTR,Columbus Mississippi,America/Chicago
GOJ,Nizhniy Novgorod,Europe/Moscow
HQM,Hoquiam,America/Los_Angeles
ERI,Erie,America/New_York
HYA,Barnstable,America/New_York
SPR,San Pedro,America/Belize
SDX,Sedona,America/Phoenix
MGW,Morgantown,America/New_York
CRW,Charleston,America/New_York
AVP,Scranton,America/New_York
BJI,Bemidji,America/Chicago
THG,Biloela,Australia/Brisbane
FGI,Apia,Pacific/Apia
BNK,Ballina Byron Bay,Australia/Sydney
FAR,Fargo,America/Chicago
MKC,Kansas City,America/Chicago
RBE,Ratanakiri,Asia/Phnom_Penh
GCC,Gillette,America/Denver
TOF,Tomsk,Asia/Tomsk
NZJ,Santa Ana,America/Los_Angeles
PHY,Phetchabun,Asia/Bangkok
CJM,Chumphon,Asia/Bangkok
JZH,Jiuzhaigou,Asia/Shanghai
SWA,Shantou,Asia/Shanghai
GEO,Georgetown,America/Guyana
AGT,Ciudad del Este,America/Asuncion
OGL,Georgetown,America/Guyana
KAI,Kaieteur,America/Guyana
DNH,Dunhuang,Asia/Shanghai
AOI,Ancona,Europe/Rome
TCP,Taba,Africa/Cairo
LYB,Little Cayman,America/Cayman
BJV,Bodrum,Europe/Istanbul
TBJ,Tabarka,Africa/Tunis
SAW,Istanbul,Europe/Istanbul
SCE,State College Pennsylvania,America/New_York
BME,Broome,Australia/Perth
NTL,Newcastle,Australia/Sydney
KLU,Klagenfurt,Europe/Vienna
HFT,Hammerfest,Europe/Oslo
HVG,Honningsvag,Europe/Oslo
MEH,Mehamn,Europe/Oslo
VDS,Vads,Europe/Oslo
IKA,Tehran,Asia/Tehran
MHD,Mashhad,Asia/Tehran
UIK,Ust Ilimsk,Asia/Irkutsk
MEI,Meridian,America/Chicago
SPI,Springfield,America/Chicago
CEZ,Cortez,America/Denver
HDN,Hayden,America/Denver
GUP,Gallup,America/Denver
LBL,Liberal,America/Chicago
LAA,Lamar,America/Denver
GLD,Goodland,America/Denver
COD,Cody,America/Denver
HOV,Orsta-Volda,Europe/Oslo
ISC,ST MARY\'S,Europe/London
SGF,Springfield,America/Chicago
NVK,Narvik,Europe/Oslo
BVG,Berlevag,Europe/Oslo
FBU,Oslo,Europe/Oslo
NSK,Norilsk,Asia/Krasnoyarsk
AAQ,Anapa,Europe/Moscow
JLN,Joplin,America/Chicago
ABE,Allentown,America/New_York
XNA,Bentonville,America/Chicago
GUW,Atyrau,Asia/Atyrau
KZO,Kzyl-Orda,Asia/Qyzylorda
SBN,South Bend,America/Indiana/Indianapolis
BKA,Moscow,Europe/Moscow
ARH,Arkhangelsk,Europe/Moscow
RTW,Saratov,Europe/Saratov
NUX,Novy Urengoy,Asia/Yekaterinburg
NOJ,Noyabrsk,Asia/Yekaterinburg
SCO,Aktau,Asia/Aqtau
UCT,Ukhta,Europe/Moscow
USK,Usinsk,Europe/Moscow
PEX,Pechora,Europe/Moscow
NNM,Naryan-Mar,Europe/Moscow
PKV,Pskov,Europe/Moscow
KGP,Kogalym,Asia/Yekaterinburg
KJA,Krasnoyarsk,Asia/Krasnoyarsk
KGF,Karaganda,Asia/Almaty
URJ,Uraj,Asia/Yekaterinburg
IWA,Ivanovo,Europe/Moscow
CGQ,Changchun,Asia/Shanghai
KIJ,Niigata,Asia/Tokyo
JON,Johnston Island,Pacific/Honolulu
SMD,Fort Wayne IN,America/Indiana/Indianapolis
ACV,Arcata CA,America/Los_Angeles
OAJ,Jacksonville NC,America/New_York
TCL,Tuscaloosa AL,America/Chicago
DBQ,Dubuque IA,America/Chicago
HHP,Hong Kong,Asia/Hong_Kong
ATD,Atoifi,Pacific/Guadalcanal
AKS,Auki,Pacific/Guadalcanal
BAS,Ballalae,Pacific/Guadalcanal
FRE,Fera Island,Pacific/Guadalcanal
MBU,Mbambanakira,Pacific/Guadalcanal
IRA,Kirakira,Pacific/Guadalcanal
SCZ,Santa Cruz/Graciosa Bay/Luova,Pacific/Guadalcanal
MUA,Munda,Pacific/Guadalcanal
GZO,Gizo,Pacific/Guadalcanal
MNY,Stirling Island,Pacific/Guadalcanal
RNL,Rennell Island,Pacific/Guadalcanal
RUS,Marau,Pacific/Guadalcanal
VAO,Suavanao,Pacific/Guadalcanal
KGE,Kagau Island,Pacific/Guadalcanal
RBV,Ramata,Pacific/Guadalcanal
BUA,Buka Island,Pacific/Bougainville
CMU,Kundiawa,Pacific/Port_Moresby
DAU,Daru,Pacific/Port_Moresby
GUR,Gurney,Pacific/Port_Moresby
PNP,Girua,Pacific/Port_Moresby
HKN,Hoskins,Pacific/Port_Moresby
UNG,Kiunga,Pacific/Port_Moresby
KRI,Kikori,Pacific/Port_Moresby
KMA,Kerema,Pacific/Port_Moresby
KVG,Kavieng,Pacific/Port_Moresby
MDU,Mendi,Pacific/Port_Moresby
MAS,Momote,Pacific/Port_Moresby
MXH,Moro,Pacific/Port_Moresby
MIS,Misima Island,Pacific/Port_Moresby
TIZ,Tari,Pacific/Port_Moresby
TBG,Tabubil,Pacific/Port_Moresby
RAB,Tokua,Pacific/Port_Moresby
VAI,Vanimo,Pacific/Port_Moresby
WBM,Wapenamanda,Pacific/Port_Moresby
LLU,Alluitsup Paa,America/Nuuk
CNP,Neerlerit Inaat,America/Scoresbysund
JFR,Paamiut,America/Nuuk
JGO,Qeqertarsuaq Airport,America/Nuuk
JJU,Qaqortoq,America/Nuuk
JSU,Maniitsoq,America/Nuuk
JNN,Nanortalik,America/Nuuk
JNS,Narsaq,America/Nuuk
NAQ,Qaanaaq,America/Thule
JHS,Sisimiut,America/Nuuk
JUV,Upernavik,America/Nuuk
JQA,Uummannaq,America/Nuuk
GRY,Grmsey,Atlantic/Reykjavik
THO,Thorshofn,Atlantic/Reykjavik
VPN,Vopnafjrur,Atlantic/Reykjavik
YWS,Whistler,America/Vancouver
YAA,Anahim Lake,America/Vancouver
YWM,Williams Harbour,America/St_Johns
YFX,St. Lewis,America/St_Johns
YHA,Port Hope Simpson,America/St_Johns
YRG,Rigolet,America/Goose_Bay
YCK,Colville Lake,America/Inuvik
YLE,What,America/Edmonton
SUR,Summer Beaver,America/Toronto
YAX,Angling Lake,America/Winnipeg
WNN,Wunnumin Lake,America/Winnipeg
YNO,North Spirit Lake,America/Winnipeg
XBE,Bearskin Lake,America/Winnipeg
KIF,Kingfisher Lake,America/Winnipeg
YOG,Ogoki Post,America/Toronto
YHP,Poplar Hill,America/Winnipeg
YKU,Chisasibi,America/Toronto
ZTB,Tte--la-Baleine,America/Blanc-Sablon
ZLT,La Tabatire,America/Blanc-Sablon
YAC,Cat Lake,America/Winnipeg
YAG,Fort Frances,America/Winnipeg
XKS,Kasabonika,America/Winnipeg
YKG,Kangirsuk,America/Toronto
YAT,Attawapiskat,America/Toronto
YBE,Uranium City,America/Regina
YBX,Lourdes-De-Blanc-Sablon,America/Blanc-Sablon
YRF,Cartwright,America/Goose_Bay
YCS,Chesterfield Inlet,America/Rankin_Inlet
YDP,Nain,America/Goose_Bay
YER,Fort Severn,America/Toronto
YFA,Fort Albany,America/Toronto
YFH,Fort Hope,America/Toronto
YMN,Makkovik,America/Goose_Bay
YGB,Texada,America/Vancouver
YGO,Gods Lake Narrows,America/Winnipeg
YGT,Igloolik,America/Iqaluit
YGW,Kuujjuarapik,America/Toronto
YGX,Gillam,America/Winnipeg
YGZ,Grise Fiord,America/Iqaluit
YQC,Quaqtaq,America/Toronto
CXH,Vancouver,America/Vancouver
YNS,Nemiscau,America/Toronto
YHO,Hopedale,America/Goose_Bay
YHR,Chevery,America/Blanc-Sablon
YIK,Ivujivik,America/Toronto
YIV,Island Lake,America/Winnipeg
AKV,Akulivik,America/Toronto
YKQ,Waskaganish,America/Toronto
YPJ,Aupaluk,America/Toronto
YLC,Kimmirut,America/Iqaluit
YLH,Lansdowne House,America/Toronto
XGR,Kangiqsualujjuaq,America/Toronto
YMH,Mary's Harbour,America/St_Johns
YMT,Chibougamau,America/Toronto
YUD,Umiujaq,America/Toronto
YNC,Wemindji,America/Toronto
YNE,Norway House,America/Winnipeg
YNL,Points North Landing,America/Regina
YOH,Oxford House,America/Winnipeg
YPH,Inukjuak,America/Toronto
YPM,Pikangikum,America/Winnipeg
YPO,Peawanuck,America/Toronto
YPW,Powell River,America/Vancouver
YQD,The Pas,America/Winnipeg
YQN,Nakina,America/Toronto
YRA,Gamti,America/Edmonton
YRL,Red Lake,America/Winnipeg
YSF,Stony Rapids,America/Regina
YSK,Sanikiluaq,America/Iqaluit
YST,St. Theresa Point,America/Winnipeg
YTL,Big Trout Lake,America/Winnipeg
YVZ,Deer Lake,America/Winnipeg
YWP,Webequie,America/Toronto
YXN,Whale Cove,America/Rankin_Inlet
YZG,Salluit,America/Toronto
ZAC,York Landing,America/Winnipeg
ILF,Ilford,America/Winnipeg
ZBF,Bathurst,America/Moncton
ZEM,Eastmain River,America/Toronto
ZFD,Fond-Du-Lac,America/Regina
ZGI,Gods River,America/Winnipeg
ZJN,Swan River,America/Winnipeg
ZKE,Kashechewan,America/Toronto
MSA,Muskrat Dam,America/Winnipeg
ZMT,Masset,America/Vancouver
ZPB,Sachigo Lake,America/Winnipeg
ZRJ,Round Lake,America/Winnipeg
ZSJ,Sandy Lake,America/Winnipeg
ZTM,Shamattawa,America/Winnipeg
ZUM,Churchill Falls,America/Goose_Bay
ZWL,Wollaston Lake,America/Regina
BLJ,Batna,Africa/Algiers
CBH,Bchar,Africa/Algiers
BMW,Bordj Badji Mokhtar,Africa/Algiers
ELU,Guemar,Africa/Algiers
KMS,Kumasi,Africa/Accra
HDF,Heringsdorf,Europe/Berlin
HEI,Bsum,Europe/Berlin
HGL,Helgoland,Europe/Berlin
SJY,Seinjoki / Ilmajoki,Europe/Helsinki
NQT,Nottingham,Europe/London
DSA,"Doncaster, Sheffield",Europe/London
CAL,Campbeltown,Europe/London
EOI,Eday,Europe/London
FIE,Fair Isle,Europe/London
NRL,North Ronaldsay,Europe/London
PPW,Papa Westray,Europe/London
SOY,Stronsay,Europe/London
NDY,Sanday,Europe/London
LWK,Lerwick,Europe/London
WRY,Westray,Europe/London
LEQ,Land's End,Europe/London
PZE,Penzance,Europe/London
VLY,Angelsey,Europe/London
BRR,Barra,Europe/London
CFN,Dongloe,Europe/Dublin
CNL,Sindal,Europe/Copenhagen
LKN,Leknes,Europe/Oslo
OSY,Namsos,Europe/Oslo
MQN,Mo i Rana,Europe/Oslo
RVK,Rrvik,Europe/Oslo
RET,Rst,Europe/Oslo
SDN,Sandane,Europe/Oslo
SOG,Sogndal,Europe/Oslo
SVJ,Svolvr,Europe/Oslo
SOJ,Sorkjosen,Europe/Oslo
VAW,Vard,Europe/Oslo
VRY,Vry,Europe/Oslo
BZG,Bydgoszcz,Europe/Warsaw
LCJ,Lodz,Europe/Warsaw
OSD,stersund,Europe/Stockholm
HFS,Hagfors,Europe/Stockholm
KSD,Karlstad,Europe/Stockholm
TYF,Torsby,Europe/Stockholm
AGH,ngelholm,Europe/Stockholm
SQO,Mohed,Europe/Stockholm
HMV,Hemavan,Europe/Stockholm
VNT,Ventspils,Europe/Riga
QRA,Johannesburg,Africa/Johannesburg
MQP,Mpumalanga,Africa/Johannesburg
AAM,Malamala,Africa/Johannesburg
MBD,Mafeking,Africa/Johannesburg
GNZ,Ghanzi,Africa/Gaborone
ORP,Orapa,Africa/Gaborone
SWX,Shakawe,Africa/Gaborone
TLD,Tuli Lodge,Africa/Gaborone
DIS,Loubomo,Africa/Brazzaville
CIP,Chipata,Africa/Lusaka
YVA,Moroni,Indian/Comoro
WAQ,Antsalova,Indian/Antananarivo
JVA,Ankavandra,Indian/Antananarivo
BMD,Belo sur Tsiribihina,Indian/Antananarivo
MXT,Maintirano,Indian/Antananarivo
TVA,Morafenobe,Indian/Antananarivo
WTA,Tambohorano,Indian/Antananarivo
WTS,Tsiroanomandidy,Indian/Antananarivo
WAM,Ambatondrazaka,Indian/Antananarivo
WPB,Port Berg,Indian/Antananarivo
DWB,Soalala,Indian/Antananarivo
WMP,Mampikony,Indian/Antananarivo
WMA,Mandritsara,Indian/Antananarivo
MJA,Manja,Indian/Antananarivo
CBT,Catumbela,Africa/Luanda
DUE,Dundo,Africa/Luanda
VPE,Ondjiva,Africa/Luanda
MSZ,Mocamedes,Africa/Luanda
KOU,Koulamoutou,Africa/Libreville
MJL,Mouila,Africa/Libreville
TCH,Tchibanga,Africa/Libreville
VPY,Chimoio,Africa/Maputo
SRH,Sarh,Africa/Ndjamena
CMK,Club Makokola,Africa/Blantyre
LUD,Luderitz,Africa/Windhoek
OND,Ondangwa,Africa/Windhoek
OMD,Oranjemund,Africa/Windhoek
SWP,Swakopmund,Africa/Windhoek
ERS,Windhoek,Africa/Windhoek
BOA,Boma,Africa/Kinshasa
MAT,Matadi,Africa/Kinshasa
INO,Inongo,Africa/Kinshasa
NIO,Nioki,Africa/Kinshasa
KRZ,Kiri,Africa/Kinshasa
BSU,Basankusu,Africa/Kinshasa
TSH,Tshikapa,Africa/Lubumbashi
LJA,Lodja,Africa/Lubumbashi
PFR,Ilebo,Africa/Lubumbashi
OUK,Outer Skerries,Europe/London
GMZ,La Gomera,Atlantic/Canary
BTE,Bonthe,Africa/Freetown
KBS,Bo,Africa/Freetown
KEN,Kenema,Africa/Freetown
OXB,Bissau,Africa/Bissau
SMW,Smara,Africa/El_Aaiun
VIL,Dakhla,Africa/El_Aaiun
ESU,Essadouira,Africa/Casablanca
EUN,El Aain,Africa/El_Aaiun
NDR,El Aroui,Africa/Casablanca
RAI,"Praia, Santiago Island",Atlantic/Cape_Verde
SFL,"Sao Filipe, Fogo Island",Atlantic/Cape_Verde
BCO,Baco,Africa/Addis_Ababa
BEI,Beica,Africa/Addis_Ababa
DSE,Dessie,Africa/Addis_Ababa
DEM,Dembidollo,Africa/Addis_Ababa
GDE,Gode,Africa/Addis_Ababa
GOR,Gore,Africa/Addis_Ababa
ABK,Kabri Dehar,Africa/Addis_Ababa
MTF,Mizan Teferi,Africa/Addis_Ababa
TIE,Tippi,Africa/Addis_Ababa
ALU,Alula,Africa/Mogadishu
BSA,Bosaso,Africa/Mogadishu
MGQ,Mogadishu,Africa/Mogadishu
GLK,Galcaio,Africa/Mogadishu
BUO,Burao,Africa/Mogadishu
AAC,El Arish,Africa/Cairo
ATZ,Asyut,Africa/Cairo
ASV,Amboseli National Park,Africa/Nairobi
LKG,Lokichoggio,Africa/Nairobi
MYD,Malindi,Africa/Nairobi
NYK,Nanyuki,Africa/Nairobi
SRX,Sirt,Africa/Tripoli
TOB,Tobruk,Africa/Tripoli
MJI,Tripoli,Africa/Tripoli
LAQ,Al Bayda',Africa/Tripoli
ATB,Atbara,Africa/Khartoum
UYL,Nyala,Africa/Khartoum
PZU,Port Sudan,Africa/Khartoum
BKZ,Bukoba,Africa/Dar_es_Salaam
TKQ,Kigoma,Africa/Dar_es_Salaam
LDI,Lindi,Africa/Dar_es_Salaam
MUZ,Musoma,Africa/Dar_es_Salaam
SHY,Shinyanga,Africa/Dar_es_Salaam
TBO,Tabora,Africa/Dar_es_Salaam
RUA,Arua,Africa/Kampala
ULU,Gulu,Africa/Kampala
DIU,Diu,Asia/Kolkata
ABR,Aberdeen,America/Chicago
ABY,Albany,America/New_York
AHN,Athens,America/New_York
ALM,Alamogordo,America/Denver
ALO,Waterloo,America/Chicago
ALW,Walla Walla,America/Los_Angeles
APN,Alpena,America/Detroit
ATY,Watertown,America/Chicago
BFD,Bradford,America/New_York
BFF,Scottsbluff,America/Denver
BKW,Beckley,America/New_York
BQK,Brunswick,America/New_York
BRL,Burlington,America/Chicago
CEC,Crescent City,America/Los_Angeles
CGI,Cape Girardeau,America/Chicago
CIU,Sault Ste Marie,America/Detroit
CKB,Clarksburg,America/New_York
CLM,Port Angeles,America/Los_Angeles
CMX,Hancock,America/Detroit
DDC,Dodge City,America/Chicago
DUJ,Du Bois,America/New_York
EAU,Eau Claire,America/Chicago
EKO,Elko,America/Los_Angeles
EWB,New Bedford,America/New_York
FAY,Fayetteville,America/New_York
GGW,Glasgow,America/Denver
GRI,Grand Island,America/Chicago
HOT,Hot Springs,America/Chicago
HTS,Huntington,America/New_York
KIO,Kili Island,Pacific/Majuro
IRK,Kirksville,America/Chicago
JMS,Jamestown,America/Chicago
LAR,Laramie,America/Denver
LBE,Latrobe,America/New_York
LBF,North Platte,America/Chicago
LEB,Lebanon,America/New_York
LMT,Klamath Falls,America/Los_Angeles
LNS,Lancaster,America/New_York
LWT,Lewistown,America/Denver
LYH,Lynchburg,America/New_York
MKG,Muskegon,America/Detroit
MLS,Miles City,America/Denver
MSL,Muscle Shoals,America/Chicago
OTH,North Bend,America/Los_Angeles
OWB,Owensboro,America/Chicago
PIB,Hattiesburg/Laurel,America/Chicago
PIH,Pocatello,America/Boise
PIR,Pierre,America/Chicago
PLN,Pellston,America/Detroit
PSM,Portsmouth,America/New_York
RDG,Reading,America/New_York
RHI,Rhinelander,America/Chicago
RKS,Rock Springs,America/Denver
RUT,Rutland,America/New_York
SBP,San Luis Obispo,America/Los_Angeles
SHR,Sheridan,America/Denver
SLK,Saranac Lake,America/New_York
SLN,Salina,America/Chicago
SMX,Santa Maria,America/Los_Angeles
TUP,Tupelo,America/Chicago
UIN,Quincy,America/Chicago
VCT,Victoria,America/Chicago
VLD,Valdosta,America/New_York
WRL,Worland,America/Denver
YKM,Yakima,America/Los_Angeles
ECN,Nicosia,Asia/Famagusta
RJL,Logroo-Agoncillo,Europe/Madrid
IDY,le d'Yeu,Europe/Paris
ANE,Angers/Marc,Europe/Paris
LTT,La Mle,Europe/Paris
JSY,Syros Island,Europe/Athens
PEV,Pcs-Pogny,Europe/Budapest
SOB,Srmellk,Europe/Budapest
AOT,Aosta,Europe/Rome
QSR,Salerno,Europe/Rome
CVU,Corvo,Atlantic/Azores
BNX,Banja Luka,Europe/Sarajevo
USQ,Usak,Europe/Istanbul
KSY,Kars,Europe/Istanbul
SFQ,Sanliurfa,Europe/Istanbul
KCM,Kahramanmaras,Europe/Istanbul
AJI,Agri,Europe/Istanbul
ADF,Adiyaman,Europe/Istanbul
ISE,Isparta,Europe/Istanbul
EDO,Balikesir Korfez,Europe/Istanbul
SZF,Samsun,Europe/Istanbul
ILZ,ilina,Europe/Bratislava
GDT,Cockburn Town,America/Grand_Turk
MDS,Middle Caicos,America/Grand_Turk
SLX,Salt Cay,America/Grand_Turk
AZS,Samana,America/Santo_Domingo
JBQ,La Isabela,America/Santo_Domingo
PBR,Puerto Barrios,America/Guatemala
AAZ,Quezaltenango,America/Guatemala
UTK,Utirik Island,Pacific/Majuro
AHS,Ahuas,America/Tegucigalpa
PEU,Puerto Lempira,America/Tegucigalpa
MIJ,Mili Island,Pacific/Majuro
CYW,Celaya,America/Mexico_City
CUA,Ciudad Constitucin,America/Mazatlan
GUB,Guerrero Negro,America/Tijuana
JAL,Jalapa,America/Mexico_City
CTD,Chitr,America/Panama
ONX,Coln,America/Panama
JQE,Jaqu,America/Panama
PLP,La Palma,America/Panama
TTQ,Roxana,America/Costa_Rica
BCL,Pococi,America/Costa_Rica
PBP,Nandayure,America/Costa_Rica
PJM,Puerto Jimenez,America/Costa_Rica
SYQ,San Jose,America/Costa_Rica
JEE,Jeremie,America/Port-au-Prince
PAX,Port-de-Paix,America/Port-au-Prince
TND,Trinidad,America/Havana
COX,Andros,America/Nassau
ATC,Arthur's Town,America/Nassau
TBI,Cat Island,America/Nassau
CRI,Colonel Hill,America/Nassau
PID,Nassau,America/Nassau
AIU,Atiu Island,Pacific/Rarotonga
MGS,Mangaia Island,Pacific/Rarotonga
MHX,Manihiki Island,Pacific/Rarotonga
MUK,Mauke Island,Pacific/Rarotonga
MOI,Mitiaro Island,Pacific/Rarotonga
PYE,Penrhyn Island,Pacific/Rarotonga
ICI,Cicia,Pacific/Fiji
PTF,Malolo Lailai Island,Pacific/Fiji
KDV,Vunisea,Pacific/Fiji
MNF,Mana Island,Pacific/Fiji
MFJ,Moala,Pacific/Fiji
NGI,Ngau,Pacific/Fiji
LKB,Lakeba Island,Pacific/Fiji
LBS,Lambasa,Pacific/Fiji
TVU,Matei,Pacific/Fiji
KXF,Koro Island,Pacific/Fiji
RTA,Rotuma,Pacific/Fiji
SVU,Savusavu,Pacific/Fiji
EUA,Eua Island,Pacific/Tongatapu
HPA,Lifuka,Pacific/Tongatapu
NFO,"Angaha, Niuafo'ou Island",Pacific/Tongatapu
NTT,Niuatoputapu,Pacific/Tongatapu
VBV,Vanua Balavu,Pacific/Fiji
IUE,Alofi,Pacific/Niue
FUT,Futuna Island,Pacific/Wallis
MXS,Savaii Island,Pacific/Apia
APK,Apataki,Pacific/Tahiti
AHE,Ahe,Pacific/Tahiti
AUQ,Hiva-oa,Pacific/Marquesas
UAP,Ua Pou,Pacific/Marquesas
UAH,Ua Huka,Pacific/Marquesas
MTV,Ablow,Pacific/Efate
SLH,Sola,Pacific/Efate
TOH,Loh/Linua,Pacific/Efate
EAE,Sangafa,Pacific/Efate
CCV,Craig Cove,Pacific/Efate
LOD,Longana,Pacific/Efate
SSR,Pentecost Island,Pacific/Efate
PBJ,Paama Island,Pacific/Efate
LPM,Lamap,Pacific/Efate
LNB,Lamen Bay,Pacific/Efate
MWF,Maewo Island,Pacific/Efate
LNE,Lonorore,Pacific/Efate
NUS,Norsup,Pacific/Efate
ZGU,Gaua Island,Pacific/Efate
RCL,Redcliffe,Pacific/Efate
SON,Santo,Pacific/Efate
TGH,Tongoa Island,Pacific/Efate
ULB,Ambryn Island,Pacific/Efate
VLS,Valesdir,Pacific/Efate
SWJ,Malekula Island,Pacific/Efate
OLJ,Olpoi,Pacific/Efate
AUY,Anelghowhat,Pacific/Efate
AWD,Aniwa,Pacific/Efate
DLY,Dillon's Bay,Pacific/Efate
FTA,Futuna Island,Pacific/Efate
IPA,Ipota,Pacific/Efate
TGJ,Tiga,Pacific/Noumea
BMY,Waala,Pacific/Noumea
ILP,le des Pins,Pacific/Noumea
FBD,Faizabad,Asia/Kabul
AJF,Al-Jawf,Asia/Riyadh
WAE,Wadi-al-dawasir,Asia/Riyadh
KHD,Khorram Abad,Asia/Tehran
BXR,Bam,Asia/Tehran
RJN,Rafsanjan,Asia/Tehran
BJB,Bojnourd,Asia/Tehran
AFZ,Sabzevar,Asia/Tehran
NSH,Noshahr,Asia/Tehran
SRY,Dasht-e-naz,Asia/Tehran
LRR,Lar,Asia/Tehran
ADU,Ardabil,Asia/Tehran
OMH,Uromiyeh,Asia/Tehran
AAN,Al Ain,Asia/Dubai
BNP,Bannu,Asia/Karachi
BHV,Bahawalpur,Asia/Karachi
CJL,Chitral,Asia/Karachi
DBA,Dalbandin,Asia/Karachi
DEA,Dera Ghazi Khan,Asia/Karachi
DSK,Dera Ismael Khan,Asia/Karachi
JIW,Jiwani,Asia/Karachi
HDD,Hyderabad,Asia/Karachi
KDD,Khuzdar,Asia/Karachi
ORW,Ormara Raik,Asia/Karachi
PAJ,Parachinar,Asia/Karachi
KDU,Skardu,Asia/Karachi
SYW,Sehwan Sharif,Asia/Karachi
TUK,Turbat,Asia/Karachi
ISU,Sulaymaniyah,Asia/Baghdad
KAC,Kamishly,Asia/Damascus
GXF,Sayun Intl,Asia/Aden
ADK,Adak Island,America/Adak
GST,Gustavus,America/Juneau
SGY,Skagway,America/Juneau
HCR,Holy Cross,America/Anchorage
HNS,Haines,America/Juneau
KLG,Kalskag,America/Anchorage
MCG,Mcgrath,America/Anchorage
MOU,Mountain Village,America/Nome
ANI,Aniak,America/Anchorage
VAK,Chevak,America/Nome
WRG,Wrangell,America/Sitka
OPU,Balimo,Pacific/Port_Moresby
VMU,Baimuru,Pacific/Port_Moresby
LUP,Molokai,Pacific/Honolulu
ENT,Eniwetok Atoll,Pacific/Majuro
LZN,Matsu Islands,Asia/Taipei
HCN,Hengchun,Asia/Taipei
MFK,Matsu Islands,Asia/Taipei
KUH,Kushiro,Asia/Tokyo
OKD,Sapporo,Asia/Tokyo
HSG,Saga,Asia/Tokyo
NKM,Nagoya,Asia/Tokyo
IWJ,Iwami,Asia/Tokyo
FKS,Fukushima,Asia/Tokyo
ONJ,Odate Noshiro,Asia/Tokyo
SYO,Shonai,Asia/Tokyo
MYE,Miyakejima,Asia/Tokyo
KUV,Kunsan,Asia/Seoul
MPK,Mokpo,Asia/Seoul
WJU,Wonju,Asia/Seoul
YNY,Sokcho / Gangneung,Asia/Seoul
HIN,Sacheon,Asia/Seoul
CJJ,Chongju,Asia/Seoul
SFS,Olongapo City,Asia/Manila
CYU,Cuyo,Asia/Manila
CGM,Camiguin,Asia/Manila
JOL,Jolo,Asia/Manila
TWT,Sanga Sanga,Asia/Manila
SUG,Sangley Point,Asia/Manila
TDG,Tandag,Asia/Manila
WNP,Naga,Asia/Manila
BSO,Basco,Asia/Manila
SFE,San Fernando,Asia/Manila
TUG,Tuguegarao,Asia/Manila
VRC,Virac,Asia/Manila
CYP,Calbayog City,Asia/Manila
CRM,Catarman,Asia/Manila
MBT,Masbate,Asia/Manila
RXS,Roxas City,Asia/Manila
TTG,Tartagal,America/Argentina/Salta
LHS,Las Heras,America/Argentina/Rio_Gallegos
OES,San Antonio Oeste,America/Argentina/Salta
ING,El Calafate,America/Argentina/Rio_Gallegos
GGS,Gobernador Gregores,America/Argentina/Rio_Gallegos
SST,Santa Teresita,America/Argentina/Buenos_Aires
NEC,Necochea,America/Argentina/Buenos_Aires
JDO,Juazeiro Do Norte,America/Fortaleza
LEC,Lenis,America/Bahia
MEA,Maca,America/Sao_Paulo
MII,Marlia,America/Sao_Paulo
VDC,Vitria Da Conquista,America/Bahia
RIA,Santa Maria,America/Sao_Paulo
TOW,Toledo,America/Sao_Paulo
ESR,El Salvador,America/Santiago
ZPC,Pucon,America/Santiago
SOD,Sorocaba,America/Sao_Paulo
SCY,San Cristbal,Pacific/Galapagos
LOH,La Toma (Catamayo),America/Guayaquil
ESM,Esmeraldas,America/Guayaquil
PSY,Stanley,Atlantic/Stanley
CRC,Cartago,America/Bogota
LQM,Puerto Leguzamo,America/Bogota
LPD,La Pedrera,America/Bogota
NQU,Nuqu,America/Bogota
PDA,Puerto Inrida,America/Bogota
EYP,Yopal,America/Bogota
GYA,Guayaramern,America/La_Paz
PUR,Puerto Rico/Manuripi,America/La_Paz
RIB,Riberalta,America/La_Paz
REY,Reyes,America/La_Paz
SRJ,San Borja,America/La_Paz
ORG,Paramaribo,America/Paramaribo
MVS,Mucuri,America/Bahia
CJA,Cajamarca,America/Lima
HUU,Hunuco,America/Lima
NZC,Nazca,America/Lima
SRA,Santa Rosa,America/Sao_Paulo
MYC,Maracay,America/Caracas
VIG,El Viga,America/Caracas
JPR,Ji-Paran,America/Porto_Velho
BBQ,Codrington,America/Antigua
DSD,Grande Anse,America/Guadeloupe
BBR,Basse Terre,America/Guadeloupe
SFC,St-Franois,America/Guadeloupe
GBJ,Grand Bourg,America/Guadeloupe
NEV,Charlestown,America/St_Kitts
VIJ,Spanish Town,America/Tortola
BQU,Bequia,America/St_Vincent
UNI,Union Island,America/St_Vincent
KOV,Kokshetau,Asia/Almaty
PPK,Petropavlosk,Asia/Almaty
DZN,Zhezkazgan,Asia/Almaty
UKK,Ust Kamenogorsk,Asia/Almaty
KSN,Kostanay,Asia/Qostanay
KVD,Ganja,Asia/Baku
NAJ,Nakhchivan,Asia/Baku
NER,Neryungri,Asia/Yakutsk
PYJ,Yakutia,Asia/Yakutsk
CKH,Chokurdah,Asia/Srednekolymsk
CYX,Cherskiy,Asia/Srednekolymsk
IKS,Tiksi,Asia/Yakutsk
KXK,Komsomolsk-on-Amur,Asia/Vladivostok
DYR,Anadyr,Asia/Anadyr
OHO,Okhotsk,Asia/Vladivostok
UJE,Ujae Atoll,Pacific/Majuro
MPW,Mariupol International,Europe/Kyiv
VSG,Lugansk,Europe/Kyiv
OZH,Zaporozhye,Europe/Kyiv
KWG,Krivoy Rog,Europe/Kyiv
HRK,Kharkov,Europe/Kyiv
IFO,Ivano-Frankivsk,Europe/Kyiv
CWC,Chernovtsk,Europe/Kyiv
RWN,Rivne,Europe/Kyiv
UDJ,Uzhgorod,Europe/Kyiv
CSH,Solovetsky Islands,Europe/Moscow
CEE,Cherepovets,Europe/Moscow
AMV,Amderma,Europe/Moscow
KSZ,Kotlas,Europe/Moscow
PES,Petrozavodsk,Europe/Moscow
GNA,Hrodna,Europe/Minsk
MVQ,Mogilev,Europe/Minsk
EIE,Yeniseysk,Asia/Krasnoyarsk
KYZ,Kyzyl,Asia/Krasnoyarsk
NOZ,Novokuznetsk,Asia/Novokuznetsk
HTG,Khatanga,Asia/Krasnoyarsk
IAA,Igarka,Asia/Krasnoyarsk
NAL,Nalchik,Europe/Moscow
OGZ,Beslan,Europe/Moscow
ESL,Elista,Europe/Moscow
WKK,Aleknagik,America/Anchorage
BLF,Bluefield,America/New_York
GLH,Greenville,America/Chicago
PSC,Pasco,America/Los_Angeles
KQA,Akutan,America/Nome
LPS,Lopez,America/Los_Angeles
SLY,Salekhard,Asia/Yekaterinburg
HMA,Khanty-Mansiysk,Asia/Yekaterinburg
NYA,Nyagan,Asia/Yekaterinburg
OVS,Sovetskiy,Asia/Yekaterinburg
IJK,Izhevsk,Europe/Samara
KVX,Kirov,Europe/Kirov
NYM,Nadym,Asia/Yekaterinburg
RAT,Raduzhnyi,Asia/Yekaterinburg
NFG,Nefteyugansk,Asia/Yekaterinburg
KRO,Kurgan,Asia/Yekaterinburg
LBD,Khudzhand,Asia/Dushanbe
AZN,Andizhan,Asia/Tashkent
FEG,Fergana,Asia/Tashkent
NMA,Namangan,Asia/Tashkent
NCU,Nukus,Asia/Samarkand
UGC,Urgench,Asia/Samarkand
KSQ,Khanabad,Asia/Samarkand
TMJ,Termez,Asia/Samarkand
RYB,Rybinsk,Europe/Moscow
EGO,Belgorod,Europe/Moscow
URS,Kursk,Europe/Moscow
LPK,Lipetsk,Europe/Moscow
VKT,Vorkuta,Europe/Moscow
UUA,Bugulma,Europe/Moscow
JOK,Yoshkar-Ola,Europe/Moscow
CSY,Cheboksary,Europe/Moscow
ULY,Ulyanovsk,Europe/Ulyanovsk
OSW,Orsk,Asia/Yekaterinburg
PEZ,Penza,Europe/Moscow
SKX,Saransk,Europe/Moscow
BWO,Balakovo,Europe/Saratov
HBX,Hubli,Asia/Kolkata
KCT,Koggala,Asia/Colombo
WRZ,Wirawila,Asia/Colombo
BBM,Battambang,Asia/Phnom_Penh
SHL,Shillong,Asia/Kolkata
GAU,Guwahati,Asia/Kolkata
DMU,Dimapur,Asia/Kolkata
TEZ,Tezpur,Asia/Kolkata
BZL,Barisal,Asia/Dhaka
HOE,Huay Xai,Asia/Vientiane
BHR,Bharatpur,Asia/Kathmandu
BDP,Chandragarhi,Asia/Kathmandu
MEY,Meghauli,Asia/Kathmandu
KEP,Nepalgunj,Asia/Kathmandu
GAN,Gan Island,Indian/Maldives
HAQ,Haa Dhaalu Atoll,Indian/Maldives
KDO,Laamu Atoll,Indian/Maldives
MAQ,Tak,Asia/Bangkok
BMV,Buonmethuot,Asia/Ho_Chi_Minh
HPH,Haiphong,Asia/Bangkok
CXR,Nha Trang,Asia/Ho_Chi_Minh
VCS,Conson,Asia/Ho_Chi_Minh
VCA,Can Tho,Asia/Ho_Chi_Minh
DIN,Dienbienphu,Asia/Bangkok
UIH,Phucat,Asia/Ho_Chi_Minh
PXU,Pleiku,Asia/Ho_Chi_Minh
VII,Vinh,Asia/Bangkok
BMO,Banmaw,Asia/Yangon
TVY,Dawei,Asia/Yangon
KAW,Kawthoung,Asia/Yangon
LIW,Loikaw,Asia/Yangon
MNU,Mawlamyine,Asia/Yangon
BSX,Pathein,Asia/Yangon
PKK,Pakhokku,Asia/Yangon
SWQ,Sumbawa Island,Asia/Makassar
TMC,Waikabubak-Sumba Island,Asia/Makassar
BUI,Bokondini-Papua Island,Asia/Jayapura
SEH,Senggeh-Papua Island,Asia/Jayapura
TJS,Tanjung Selor-Borneo Island,Asia/Makassar
DTD,Datadawai-Borneo Island,Asia/Makassar
BEJ,Tanjung Redep-Borneo Island,Asia/Makassar
TJG,Tanjung-Borneo Island,Asia/Makassar
SMQ,Sampit-Borneo Island,Asia/Pontianak
LUV,Langgur-Kei Islands,Asia/Jayapura
ARD,Alor Island,Asia/Makassar
BLG,Belaga,Asia/Kuching
LGL,Long Datih,Asia/Kuching
ODN,Long Seridan,Asia/Kuching
MKM,Mukah,Asia/Kuching
BKM,Bakalalan,Asia/Kuching
LWY,Lawas,Asia/Kuching
BBN,Bario,Asia/Kuching
TMG,Tomanggong,Asia/Kuching
KUD,Kudat,Asia/Kuching
TKG,Bandar Lampung-Sumatra Island,Asia/Jakarta
HLP,Jakarta,Asia/Jakarta
NTX,Ranai-Natuna Besar Island,Asia/Jakarta
PSU,Putussibau-Borneo Island,Asia/Pontianak
SQG,Sintang-Borneo Island,Asia/Pontianak
PDO,Talang Gudang-Sumatra Island,Asia/Jakarta
LSW,Lhok Seumawe-Sumatra Island,Asia/Jakarta
PKG,Pangkor Island,Asia/Kuala_Lumpur
LBW,Long Bawan-Borneo Island,Asia/Makassar
NNX,Nunukan-Nunukan Island,Asia/Makassar
LPU,Long Apung-Borneo Island,Asia/Makassar
ALH,Albany,Australia/Perth
GYL,Argyle,Australia/Perth
AUU,Aurukun,Australia/Brisbane
BCI,Barcaldine,Australia/Brisbane
BDD,Badu Island,Australia/Brisbane
BVI,Birdsville,Australia/Brisbane
BHQ,Broken Hill,Australia/Broken_Hill
HTI,Hamilton Island,Australia/Lindeman
BEU,Bedourie,Australia/Brisbane
BRK,Bourke,Australia/Sydney
BUC,Burketown,Australia/Brisbane
GIC,Boigu,Australia/Brisbane
OKY,Oakey,Australia/Brisbane
BQL,Boulia,Australia/Brisbane
BHS,Bathurst,Australia/Sydney
BLT,Blackwater,Australia/Brisbane
CVQ,Carnarvon,Australia/Perth
CAZ,Cobar,Australia/Sydney
CPD,Coober Pedy,Australia/Adelaide
CNC,Coconut Island,Australia/Brisbane
CNJ,Cloncurry,Australia/Brisbane
CED,Ceduna,Australia/Adelaide
CTN,Cooktown,Australia/Brisbane
CMA,Cunnamulla,Australia/Brisbane
CNB,Coonamble,Australia/Sydney
CUQ,Coen,Australia/Brisbane
OOM,Cooma,Australia/Sydney
DMD,Doomadgee,Australia/Brisbane
NLF,Darnley Island,Australia/Brisbane
DPO,Devonport,Australia/Hobart
ELC,Elcho Island,Australia/Darwin
EPR,Esperance,Australia/Perth
FLS,Flinders Island,Australia/Hobart
GET,Geraldton,Australia/Perth
GLT,Gladstone,Australia/Brisbane
GTE,Groote Eylandt,Australia/Darwin
GFF,Griffith,Australia/Sydney
HID,Horn Island,Australia/Brisbane
HOK,Hooker Creek,Australia/Darwin
MHU,Mount Hotham,Australia/Melbourne
HGD,Hughenden,Australia/Brisbane
JCK,Julia Creek,Australia/Brisbane
KAX,Kalbarri,Australia/Perth
KNS,King Island,Australia/Hobart
KFG,Kalkgurung,Australia/Darwin
KRB,Karumba,Australia/Brisbane
KWM,Kowanyama,Australia/Brisbane
KUG,Kubin,Australia/Brisbane
LNO,Leonora,Australia/Perth
LEL,Lake Evella,Australia/Darwin
LDH,Lord Howe Island,Australia/Lord_Howe
IRG,Lockhart River,Australia/Brisbane
LSY,Lismore,Australia/Sydney
LHG,Lightning Ridge,Australia/Sydney
LRE,Longreach,Australia/Brisbane
LER,Leinster,Australia/Perth
LVO,Laverton,Australia/Perth
UBB,Mabuiag Island,Australia/Brisbane
MKR,Meekatharra,Australia/Perth
MIM,Merimbula,Australia/Sydney
MGT,Milingimbi,Australia/Darwin
MNG,Maningrida,Australia/Darwin
MCV,McArthur River Mine,Australia/Darwin
MQL,Mildura,Australia/Melbourne
MMG,Mount Magnet,Australia/Perth
MRZ,Moree,Australia/Sydney
MOV,Moranbah,Australia/Brisbane
MYA,Moruya,Australia/Sydney
MGB,Mount Gambier,Australia/Adelaide
ONG,Mornington Island,Australia/Brisbane
MYI,Murray Island,Australia/Brisbane
MBH,Maryborough,Australia/Brisbane
NRA,Narrandera,Australia/Sydney
NAA,Narrabri,Australia/Sydney
NTN,Normanton,Australia/Brisbane
ZNE,Newman,Australia/Perth
OLP,Olympic Dam,Australia/Adelaide
PUG,Argyle,Australia/Adelaide
PMK,Palm Island,Australia/Brisbane
PBO,Paraburdoo,Australia/Perth
CCK,Cocos Keeling Island,Indian/Cocos
GOV,Gove,Australia/Darwin
PKE,Parkes,Australia/Sydney
PLO,Port Lincoln,Australia/Adelaide
EDR,Pormpuraaw,Australia/Brisbane
PQQ,Port Macquarie,Australia/Sydney
PTJ,Portland,Australia/Melbourne
ULP,Quilpie,Australia/Brisbane
RAM,Ramingining,Australia/Darwin
RMA,Roma,Australia/Brisbane
SGO,St George,Australia/Brisbane
MJK,Shark Bay,Australia/Perth
SBR,Saibai Island,Australia/Brisbane
SRN,Strahan,Australia/Hobart
XTG,Thargomindah,Australia/Brisbane
TCA,Tennant Creek,Australia/Darwin
VCD,Victoria River Downs,Australia/Darwin
SYU,Sue Islet,Australia/Brisbane
WNR,Windorah,Australia/Brisbane
WYA,Whyalla,Australia/Adelaide
WUN,Wiluna,Australia/Perth
WOL,Wollongong,Australia/Sydney
WIN,Winton,Australia/Brisbane
BWT,Burnie,Australia/Hobart
OKR,Yorke Island,Australia/Brisbane
XMY,Yam Island,Australia/Brisbane
NAY,Beijing,Asia/Shanghai
CIF,Chifeng,Asia/Shanghai
CIH,Changzhi,Asia/Shanghai
DAT,Datong,Asia/Shanghai
HET,Hohhot,Asia/Shanghai
BAV,Baotou,Asia/Shanghai
SJW,Shijiazhuang,Asia/Shanghai
TGO,Tongliao,Asia/Shanghai
HLH,Ulanhot,Asia/Shanghai
XIL,Xilinhot,Asia/Shanghai
BHY,Beihai,Asia/Shanghai
CGD,Changde,Asia/Shanghai
DYG,Dayong,Asia/Shanghai
MXZ,Meixian,Asia/Shanghai
ZUH,Zhuhai,Asia/Shanghai
LZH,Liuzhou,Asia/Shanghai
ZHA,Zhanjiang,Asia/Shanghai
ENH,Enshi,Asia/Shanghai
NNY,Nanyang,Asia/Shanghai
XFN,Xiangfan,Asia/Shanghai
YIH,Yichang,Asia/Shanghai
AKA,Ankang,Asia/Shanghai
GOQ,Golmud,Asia/Shanghai
HZG,Hanzhong,Asia/Shanghai
IQN,Qingyang,Asia/Shanghai
XNN,Xining,Asia/Shanghai
ENY,Yan'an,Asia/Shanghai
UYN,Yulin,Asia/Shanghai
AVK,Arvaikheer,Asia/Ulaanbaatar
LTI,Altai,Asia/Ulaanbaatar
BYN,Bayankhongor,Asia/Ulaanbaatar
DLZ,Dalanzadgad,Asia/Ulaanbaatar
HVD,Khovd,Asia/Hovd
MXV,Muren,Asia/Ulaanbaatar
DIG,Shangri-La,Asia/Shanghai
LUM,Luxi,Asia/Shanghai
SYM,Simao,Asia/Shanghai
ZAT,Zhaotong,Asia/Shanghai
KOW,Ganzhou,Asia/Shanghai
JDZ,Jingdezhen,Asia/Shanghai
JIU,Jiujiang,Asia/Shanghai
JUZ,Quzhou,Asia/Shanghai
LYG,Lianyungang,Asia/Shanghai
HYN,Huangyan,Asia/Shanghai
LYI,Linyi,Asia/Shanghai
JJN,Quanzhou,Asia/Shanghai
TXN,Huangshan,Asia/Shanghai
WEF,Weifang,Asia/Shanghai
WEH,Weihai,Asia/Shanghai
WUX,Wuxi,Asia/Shanghai
WUS,Wuyishan,Asia/Shanghai
WNZ,Wenzhou,Asia/Shanghai
YNZ,Yancheng,Asia/Shanghai
YIW,Yiwu,Asia/Shanghai
HSN,Zhoushan,Asia/Shanghai
BPX,Bangda,Asia/Shanghai
DAX,Dazhou,Asia/Shanghai
GYS,Guangyuan,Asia/Shanghai
LZO,Luzhou,Asia/Shanghai
MIG,Mianyang,Asia/Shanghai
NAO,Nanchong,Asia/Shanghai
LZY,Nyingchi,Asia/Shanghai
WXN,Wanxian,Asia/Shanghai
AKU,Aksu,Asia/Urumqi
IQM,Qiemo,Asia/Urumqi
KCA,Kuqa,Asia/Urumqi
KRL,Korla,Asia/Urumqi
KRY,Karamay,Asia/Urumqi
YIN,Yining,Asia/Urumqi
HEK,Heihe,Asia/Shanghai
JMU,Jiamusi,Asia/Shanghai
JNZ,Jinzhou,Asia/Shanghai
NDG,Qiqihar,Asia/Shanghai
YNJ,Yanji,Asia/Shanghai
WKL,Waikoloa Village,Pacific/Honolulu
WME,Mount Keith,Australia/Perth
LRV,Los Roques,America/Caracas
IOR,Inis Mor,Europe/Dublin
NNR,Indreabhan,Europe/Dublin
GTI,Ruegen,Europe/Berlin
EZV,Berezovo,Asia/Yekaterinburg
ORH,Worcester,America/New_York
AQG,Anqing,Asia/Shanghai
SHP,Qinhuangdao,Asia/Shanghai
YCU,Yuncheng,Asia/Shanghai
JGN,Jiayuguan,Asia/Shanghai
DDG,Dandong,Asia/Shanghai
DSN,Dongsheng,Asia/Shanghai
PZI,Panzhihua,Asia/Shanghai
PWT,Bremerton,America/Los_Angeles
SPW,Spencer,America/Chicago
JEF,Jefferson City,America/Chicago
UNT,Unst,Europe/London
PVC,Provincetown,America/New_York
SBH,Gustavia,America/St_Barthelemy
KMW,Kostroma,Europe/Moscow
SUI,Sukhumi,Asia/Tbilisi
TBW,Tambow,Europe/Moscow
OBN,North Connel,Europe/London
ERM,Erechim,America/Sao_Paulo
CVF,Courcheval,Europe/Paris
FUL,Fullerton,America/Los_Angeles
USA,Concord,America/New_York
NVI,Navoi,Asia/Samarkand
QSF,Setif,Africa/Algiers
LRH,La Rochelle,Europe/Paris
SUN,Hailey,America/Boise
MCW,Mason City,America/Chicago
AZA,Mesa,America/Phoenix
XAU,Saul,America/Cayenne
AKP,Anaktuvuk Pass,America/Anchorage
ANV,Anvik,America/Anchorage
ATK,Atqasuk,America/Anchorage
GAM,Gambell,America/Nome
HPB,Hooper Bay,America/Nome
KAL,Kaltag,America/Anchorage
KSM,St Mary's,America/Nome
KVL,Kivalina,America/Nome
MYU,Mekoryuk,America/Nome
RBY,Ruby,America/Anchorage
SHH,Shishmaref,America/Nome
SVA,Savoonga,America/Nome
WTK,Noatak,America/Nome
OMC,Ormoc City,Asia/Manila
YPX,Puvirnituq,America/Toronto
YTQ,Tasiujaq,America/Toronto
ARC,Arctic Village,America/Anchorage
QOW,Imo,Africa/Lagos
FON,La Fortuna/San Carlos,America/Costa_Rica
TMU,Nicoya,America/Costa_Rica
CYZ,Cauayan,Asia/Manila
KVK,Apatity,Europe/Moscow
GVR,Governador Valadares,America/Sao_Paulo
KPC,Port Clarence,America/Nome
PJA,Pajala,Europe/Stockholm
QBC,Bella Coola,America/Vancouver
HGR,Hagerstown,America/New_York
ACR,Araracuara,America/Bogota
GOP,Gorakhpur,Asia/Kolkata
SDP,Sand Point,America/Anchorage
HMI,Hami,Asia/Urumqi
WUZ,Wuzhou,Asia/Shanghai
TBH,Romblon,Asia/Manila
ACP,Maragheh,Asia/Tehran
GBT,Gorgan,Asia/Tehran
IIL,Ilam,Asia/Tehran
PFQ,Parsabad,Asia/Tehran
TCG,Tacheng,Asia/Urumqi
MQM,Mardin,Europe/Istanbul
AFS,Zarafshan,Asia/Samarkand
DRG,Deering,America/Nome
LEN,Leon,Europe/Madrid
RGS,Burgos,Europe/Madrid
EGM,Sege,Pacific/Guadalcanal
CQD,Shahre Kord,Asia/Tehran
DHM,Kangra,Asia/Kolkata
NDC,Nanded,Asia/Kolkata
SLV,Shimla,Asia/Kolkata
IGG,Igiugig,America/Anchorage
KNW,New Stuyahok,America/Anchorage
KVC,King Cove,America/Nome
PTH,Port Heiden,America/Anchorage
TOG,Togiak Village,America/Anchorage
EGN,Geneina,Africa/Khartoum
LKH,Long Akah,Asia/Kuching
WLH,Walaha,Pacific/Efate
CHG,Chaoyang,Asia/Shanghai
UAS,Samburu South,Africa/Nairobi
BHG,Brus Laguna,America/Tegucigalpa
YVB,Bonaventure,America/Toronto
SKT,Sialkot,Asia/Karachi
PDP,Punta del Este,America/Montevideo
WVB,Walvis Bay,Africa/Windhoek
MPA,Mpacha,Africa/Windhoek
AOE,Eskissehir,Europe/Istanbul
CKZ,Canakkale,Europe/Istanbul
MSR,Mus,Europe/Istanbul
NOP,Sinop,Europe/Istanbul
TEQ,orlu,Europe/Istanbul
YEI,Yenisehir,Europe/Istanbul
LSS,Les Saintes,America/Guadeloupe
KMV,Kalemyo,Asia/Yangon
VQS,Vieques Island,America/Puerto_Rico
YIF,St-Augustin,America/Blanc-Sablon
HDM,Hamadan,Asia/Tehran
MRQ,Gasan,Asia/Manila
GFN,Grafton,Australia/Sydney
OAG,Orange,Australia/Sydney
TRO,Taree,Australia/Sydney
COQ,Choibalsan,Asia/Ulaanbaatar
HOH,Hohenems,Europe/Vienna
ESC,Escanaba,America/Detroit
YAK,Yakutat,America/Yakutat
GUL,Goulburn,Australia/Sydney
CES,Cessnock,Australia/Sydney
NSO,Scone,Australia/Sydney
DGE,Mudgee,Australia/Sydney
MTL,Maitland,Australia/Sydney
CPX,Culebra Island,America/Puerto_Rico
MWA,Marion,America/Chicago
OCN,Fraser Island,America/Los_Angeles
KIK,Kirkuk,Asia/Baghdad
XJD,Doha,Asia/Qatar
GBZ,Claris,Pacific/Auckland
IMT,Iron Mountain,America/Menominee
AET,Allakaket,America/Anchorage
MGC,Michigan City,America/Chicago
SWD,Seward,America/Anchorage
GRM,Grand Marais,America/Chicago
AUW,Wausau,America/Chicago
MYP,Mary,Asia/Ashgabat
MVA,Myvatn,Atlantic/Reykjavik
QSA,Sabadell,Europe/Madrid
WSY,Airlie Beach,Australia/Brisbane
MIE,Muncie,America/Indiana/Indianapolis
LAF,Lafayette,America/Indiana/Indianapolis
VGT,Las Vegas,America/Los_Angeles
ENW,Kenosha,America/Chicago
MTJ,Montrose CO,America/Denver
RIW,Riverton WY,America/Denver
PDT,Pendleton,America/Los_Angeles
LYM,Lympne,Europe/London
PKH,Porto Heli,Europe/Athens
KTR,Katherine,Australia/Darwin
NOA,Nowra,Australia/Sydney
UCK,Lutsk,Europe/Kyiv
CEJ,Chernigov,Europe/Kyiv
BQT,Brest,Europe/Minsk
OSH,Oshkosh,America/Chicago
AGE,Wangerooge,Europe/Berlin
BXG,Bendigo,Australia/Melbourne
EAT,Wenatchee,America/Los_Angeles
ARE,Arecibo,America/Puerto_Rico
RIN,Ringi Cove,Pacific/Guadalcanal
KCK,Kirensk,Asia/Irkutsk
UKX,Ust-Kut,Asia/Irkutsk
RMT,Rimatara,Pacific/Tahiti
QLS,Lausanne,Europe/Zurich
ZJI,Locarno,Europe/Zurich
QNC,Neuchatel,Europe/Zurich
TGK,Taganrog,Europe/Moscow
GDZ,Gelendzhik,Europe/Moscow
ZIA,Ramenskoe,Europe/Moscow
IAR,Yaroslavl,Europe/Moscow
OHE,Mohe County,Asia/Shanghai
JNG,Jining,Asia/Shanghai
DRK,Puntarenas,America/Costa_Rica
AAT,Altay,Asia/Urumqi
TZL,Null,Europe/Sarajevo
FWH,Dallas,America/Chicago
NYT,Naypyidaw,Asia/Yangon
VBP,Bokepyin,Asia/Yangon
NZH,Manzhouli,Asia/Shanghai
WUA,Wuhai,Asia/Shanghai
GYY,Gary,America/Chicago
BRD,Brainerd,America/Chicago
LWB,Lewisburg,America/New_York
PGV,Greenville,America/New_York
CYF,Chefornak,America/Nome
OXR,Oxnard,America/Los_Angeles
BKG,Branson,America/Chicago
TEN,Tongren,Asia/Shanghai
JGS,Jian,Asia/Shanghai
NIU,Niau,Pacific/Tahiti
SCH,Scotia NY,America/New_York
NBC,Nizhnekamsk,Europe/Moscow
QRW,Osubi,Africa/Lagos
IAO,Siargao,Asia/Manila
LGO,Langeoog,Europe/Berlin
NLP,Nelspruit,Africa/Johannesburg
CKC,Cherkassy,Europe/Kyiv
UST,St. Augustine Airport,America/New_York
NLV,Nikolayev,Europe/Kyiv
RHP,Ramechhap,Asia/Kathmandu
STS,Santa Rosa,America/Los_Angeles
ISM,Kissimmee,America/New_York
LCQ,Lake City,America/New_York
LGU,Logan,America/Denver
BMC,Brigham City,America/Denver
ASE,Aspen,America/Denver
ULV,Ulyanovsk,Europe/Ulyanovsk
ERV,Kerrville,America/Chicago
GED,Georgetown,America/New_York
ZSW,Prince Rupert,America/Vancouver
GBD,Great Bend,America/Chicago
HYS,Hays,America/Chicago
SUS,Null,America/Chicago
LYU,Ely,America/Chicago
GPZ,Grand Rapids MN,America/Chicago
TVF,Thief River Falls,America/Chicago
EGV,Eagle River,America/Chicago
ARV,Minocqua - Woodruff,America/Chicago
YBV,Berens River,America/Winnipeg
AVX,Catalina Island,America/Los_Angeles
MHV,Mojave,America/Los_Angeles
ZIN,Interlaken,Europe/Zurich
INQ,Inisheer,Europe/Dublin
SWT,Strezhevoy,Asia/Tomsk
HUT,Hutchinson,America/Chicago
OAI,Kabul,Asia/Kabul
AKH,Al Kharj,Asia/Riyadh
STJ,Rosecrans,America/Chicago
VOK,Camp Douglas,America/Chicago
GUC,Gunnison,America/Denver
SIA,Xi\'AN,Asia/Shanghai
TOA,Torrance,America/Los_Angeles
MBL,Manistee,America/Detroit
PGD,Punta Gorda,America/New_York
WFK,Frenchville,America/New_York
JHW,Jamestown,America/New_York
YTM,Mont-Tremblant,America/Toronto
SME,Somerset,America/New_York
SHD,Weyers Cave,America/New_York
DVL,Devils Lake,America/Chicago
DIK,Dickinson,America/Denver
SDY,Sidney,America/Denver
CDR,Chadron,America/Denver
AIA,Alliance,America/Denver
MCK,McCook,America/Chicago
MTH,Marathon,America/New_York
GDV,Glendive,America/Denver
OLF,Wolf Point,America/Denver
WYS,West Yellowstone,America/Denver
ALS,Alamosa,America/Denver
CNY,Moab,America/Denver
ELY,Ely,America/Los_Angeles
VEL,Vernal,America/Denver
RUI,Ruidoso,America/Denver
SOW,Show Low,America/Phoenix
MYL,McCall,America/Boise
SMN,Salmon,America/Boise
MMH,Mammoth Lakes,America/Los_Angeles
FRD,Friday Harbor,America/Los_Angeles
ESD,Eastsound,America/Los_Angeles
AST,Astoria,America/Los_Angeles
ONP,Newport,America/Los_Angeles
EMK,Emmonak,America/Nome
UNK,Unalakleet,America/Anchorage
UUK,Kuparuk,America/Anchorage
SHX,Shageluk,America/Anchorage
CHU,Chuathbaluk,America/Anchorage
NUI,Nuiqsut,America/Anchorage
EEK,Eek,America/Nome
KUK,Kasigluk,America/Nome
KWT,Kwethluk,America/Anchorage
KWK,Kwigillingok,America/Nome
MLL,Marshall,America/Nome
RSH,Russian Mission,America/Anchorage
KGK,Koliganek,America/Anchorage
KMO,Manokotak,America/Anchorage
CIK,Chalkyitsik,America/Anchorage
EAA,Eagle,America/Anchorage
HUS,Hughes,America/Anchorage
HSL,Huslia,America/Anchorage
NUL,Nulato,America/Anchorage
VEE,Venetie,America/Anchorage
WBQ,Beaver,America/Anchorage
CEM,Central,America/Anchorage
SHG,Shungnak,America/Anchorage
IYK,Inyokern,America/Los_Angeles
VIS,Visalia,America/Los_Angeles
MCE,Merced,America/Los_Angeles
CYR,Colonia,America/Montevideo
CPQ,Campinas,America/Sao_Paulo
GYR,Goodyear,America/Phoenix
TWB,Toowoomba,Australia/Brisbane
BBL,Ballera,Australia/Brisbane
AYK,Arkalyk,Asia/Qostanay
AGN,Angoon,America/Juneau
ELV,Elfin Cove,America/Juneau
FNR,Funter Bay,America/Juneau
HNH,Hoonah,America/Juneau
MTM,Metakatla,America/Metlakatla
HYG,Hydaburg,America/Sitka
EGX,Egegik,America/Anchorage
KPV,Perryville,America/Anchorage
PIP,Pilot Point,America/Anchorage
WSN,South Naknek,America/Anchorage
AKK,Akhiok,America/Anchorage
KYK,Karluk,America/Anchorage
KLN,Larsen Bay,America/Anchorage
ABL,Ambler,America/Anchorage
BKC,Buckland,America/Anchorage
IAN,Kiana,America/Anchorage
OBU,Kobuk,America/Anchorage
ORV,Noorvik,America/Anchorage
WLK,Selawik,America/Anchorage
KTS,Brevig Mission,America/Nome
ELI,Elim,America/Nome
GLV,Golovin,America/Nome
TLA,Teller,America/Nome
WAA,Wales,America/Nome
WMO,White Mountain,America/Nome
KKA,Koyuk,America/Anchorage
SMK,St. Michael,America/Nome
SKK,Shaktoolik,America/Anchorage
TNC,Tin City,America/Nome
AKB,Atka,America/Adak
IKO,Nikolski,America/Nome
CYT,Yakataga,America/Anchorage
AUK,Alakanuk,America/Nome
KPN,Kipnuk,America/Nome
KFP,False Pass,America/Nome
NLG,Nelson Lagoon,America/Anchorage
PML,Cold Bay,America/Anchorage
KLW,Klawock,America/Sitka
KWN,Quinhagak,America/Anchorage
KOT,Kotlik,America/Nome
KYU,Koyukuk,America/Anchorage
SCM,Scammon Bay,America/Nome
NNL,Nondalton,America/Anchorage
KKH,Kongiganak,America/Nome
NIB,Nikolai,America/Anchorage
AKI,Akiak,America/Anchorage
AIN,Wainwright,America/Anchorage
APZ,ZAPALA,America/Argentina/Salta
RDS,Rincon de los Sauces,America/Argentina/Salta
PNT,Puerto Natales,America/Punta_Arenas
SGV,Sierra Grande,America/Argentina/Salta
IGB,Ingeniero Jacobacci,America/Argentina/Salta
NCN,Chenega,America/Anchorage
TKJ,Tok,America/Anchorage
IRC,Circle,America/Anchorage
SLQ,Sleetmute,America/Anchorage
LMA,Lake Minchumina,America/Anchorage
MLY,Manley Hot Springs,America/Anchorage
YNP,Natuashish,America/Goose_Bay
YSO,Postville,America/Goose_Bay
YWB,Kangiqsujuaq,America/Toronto
YTF,Alma,America/Toronto
YGV,Havre-Saint-Pierre,America/Toronto
YXK,Rimouski,America/Toronto
XTL,Tadoule Lake,America/Winnipeg
XLB,Lac Brochet,America/Winnipeg
XSI,South Indian Lake,America/Winnipeg
YBT,Brochet,America/Winnipeg
ZGR,Little Grand Rapids,America/Winnipeg
YCR,Cross Lake,America/Winnipeg
YRS,Red Sucker Lake,America/Winnipeg
YOP,Rainbow Lake,America/Edmonton
YBY,Bonnyville,America/Edmonton
ZNA,Nanaimo,America/Vancouver
YGG,Ganges,America/Vancouver
YDT,Boundary Bay,America/Vancouver
YLY,Langley Township,America/Vancouver
YFJ,Wekweeti,America/Edmonton
RNI,Corn Island,America/Managua
BZA,Bonanza,America/Managua
RFS,Rosita,America/Managua
SIU,Siuna,America/Managua
WSP,Waspam,America/Managua
NCR,San Carlos,America/Managua
PLD,Carrillo,America/Costa_Rica
COZ,Constanza,America/Santo_Domingo
NEG,Negril,America/Jamaica
NRR,Ceiba,America/Puerto_Rico
SPB,Charlotte Amalie,America/St_Thomas
ARR,Alto Rio Senguer,America/Argentina/Catamarca
JSM,Jose de San Martin,America/Argentina/Catamarca
UYU,Uyuni,America/La_Paz
RBQ,Rerrenabaque,America/La_Paz
ABF,Abaiang Atoll,Pacific/Tarawa
ABN,Albina,America/Paramaribo
DRJ,Drietabbetje,America/Paramaribo
MOJ,Moengo,America/Paramaribo
ICK,Nieuw Nickerie,America/Paramaribo
OEM,Paloemeu,America/Paramaribo
SMZ,Stoelmans Eiland,America/Paramaribo
TOT,Totness,America/Paramaribo
AGI,Wageningen,America/Paramaribo
ORJ,Orinduik,America/Guyana
NAI,Annai,America/Guyana
IMB,Imbaimadai,America/Guyana
KAR,Kamarang,America/Guyana
USI,Mabaruma,America/Guyana
MHA,Mahdia,America/Guyana
PJC,Pedro Juan Caballero,America/Asuncion
ACD,Acandi,America/Bogota
RVE,Saravena,America/Bogota
BQJ,Batagay,Asia/Vladivostok
VGZ,Villa Garzon,America/Bogota
EBG,El Bagre,America/Bogota
CAQ,Caucasia,America/Bogota
COG,Condoto,America/Bogota
TLU,Tolu,America/Bogota
CFB,Cabo Frio,America/Sao_Paulo
OPS,Sinop,America/Cuiaba
GRP,Gurupi,America/Araguaina
CMP,Santana do Araguaia,America/Belem
BVS,Breves,America/Belem
SFK,Soure,America/Belem
PIN,Parintins,America/Manaus
BRA,Barreiras,America/Bahia
STZ,Santa Terezinha,America/Cuiaba
MQH,Minacu,America/Sao_Paulo
AUX,Araguaina,America/Araguaina
NVP,Novo Aripuana,America/Manaus
FRC,Franca,America/Sao_Paulo
DOU,Dourados,America/Campo_Grande
LBR,Labrea,America/Manaus
ROO,Rondonopolis,America/Cuiaba
GPB,Guarapuava,America/Sao_Paulo
JCB,Joacaba,America/Sao_Paulo
RVD,Rio Verde,America/Sao_Paulo
AAX,Araxa,America/Sao_Paulo
MBZ,Maues,America/Manaus
RBB,Borba,America/Manaus
CIZ,Coari,America/Manaus
BAZ,Barcelos,America/Manaus
DMT,Diamantino,America/Cuiaba
GNM,Guanambi,America/Bahia
QDJ,Djelfa,Africa/Algiers
NZA,Nzagi,Africa/Luanda
LBZ,Lucapa,Africa/Luanda
KNP,Kapanda,Africa/Luanda
AMC,Am Timan,Africa/Ndjamena
GSQ,Sharq Al-Owainat,Africa/Cairo
MRB,Martinsburg,America/New_York
AWA,Awasa,Africa/Addis_Ababa
JIJ,Jijiga,Africa/Addis_Ababa
MKS,Mekane Selam,Africa/Addis_Ababa
DBM,Debre Marqos,Africa/Addis_Ababa
DBT,Debre Tabor,Africa/Addis_Ababa
QHR,Debre Zeyit,Africa/Addis_Ababa
GOB,Goba,Africa/Addis_Ababa
MYB,Mayumba,Africa/Libreville
MRE,Masai Mara,Africa/Nairobi
JJM,Meru National Park,Africa/Nairobi
RBX,Rumbek,Africa/Juba
CPA,Greenville,Africa/Monrovia
IHC,Inhaca,Africa/Maputo
MAX,Matam,Africa/Dakar
BDI,Bird Island,Indian/Mahe
WHF,Wadi Halfa,Africa/Khartoum
NBE,Enfidha,Africa/Tunis
HTY,Hatay,Europe/Istanbul
RVV,Raivavae,Pacific/Tahiti
FUO,Foshan,Asia/Shanghai
HUZ,Huizhou,Asia/Shanghai
ILD,Lleida,Europe/Madrid
BIU,Bildudalur,Atlantic/Reykjavik
GJR,Gjogur,Atlantic/Reykjavik
SAK,Saudarkrokur,Atlantic/Reykjavik
IIA,Inishmaan,Europe/Dublin
ULG,Olgii,Asia/Hovd
KQT,Kurgan Tyube,Asia/Dushanbe
VGD,Vologda,Europe/Moscow
ONK,Olenyok,Asia/Yakutsk
SYS,Saskylakh,Asia/Yakutsk
LDG,Arkhangelsk,Europe/Moscow
HSK,Huesca,Europe/Madrid
CQM,Ciudad Real,Europe/Madrid
NJF,Najaf,Asia/Baghdad
CSA,Colonsay,Europe/London
RKH,Rock Hill,America/New_York
AGC,Pittsburgh,America/New_York
VQQ,Jacksonville,America/New_York
FTY,Atlanta,America/New_York
TII,Tarin Kowt,Asia/Kabul
ZAJ,Zaranj,Asia/Kabul
CCN,Chaghcharan,Asia/Kabul
FUG,Fuyang,Asia/Shanghai
LCX,Longyan,Asia/Shanghai
BSD,Baoshan,Asia/Shanghai
ACX,Xingyi,Asia/Shanghai
HZH,Liping,Asia/Shanghai
OSU,Columbus,America/New_York
ADS,Addison,America/Chicago
DSI,Destin,America/Chicago
KHE,Kherson,Europe/Kyiv
SZS,Stewart Island,Pacific/Auckland
HJJ,Zhijiang,Asia/Shanghai
YQI,Yarmouth,America/Halifax
ISO,Kinston,America/New_York
FFA,Kill Devil Hills,America/New_York
LNJ,Lincang,Asia/Shanghai
CKS,Parauapebas,America/Belem
MWK,Anambas Islands,Asia/Jakarta
PGU,Khalije Fars,Asia/Tehran
YES,Yasuj,Asia/Tehran
OSM,Mosul,Asia/Baghdad
TJH,Toyooka,Asia/Tokyo
AXJ,Amakusa,Asia/Tokyo
KKX,Kikai,Asia/Tokyo
AGJ,Aguni,Asia/Tokyo
ULZ,Uliastai,Asia/Ulaanbaatar
UGA,Bulgan,Asia/Ulaanbaatar
ULO,Ulaangom,Asia/Hovd
LBX,Lubang,Asia/Manila
TJU,Kulyab,Asia/Dushanbe
CMJ,Cimei,Asia/Taipei
TAZ,Dasoguz,Asia/Ashgabat
BWB,Barrow Island,Australia/Perth
DRB,Derby,Australia/Perth
WGE,Walgett,Australia/Sydney
BRT,Bathurst Island,Australia/Darwin
DKI,Dunk Island,Australia/Brisbane
LZR,Lizard Island,Australia/Brisbane
HLT,Hamilton,Australia/Melbourne
HCQ,Halls Creek,Australia/Perth
FIZ,Fitzroy Crossing,Australia/Perth
RVT,Ravensthorpe,Australia/Perth
PVU,Provo,America/Denver
SBS,Steamboat Springs,America/Denver
DTA,Delta,America/Denver
PUC,Price,America/Denver
LAM,Los Alamos,America/Denver
HII,Lake Havasu City,America/Phoenix
INW,Winslow,America/Phoenix
DGL,Douglas,America/Phoenix
MZK,Marakei,Pacific/Tarawa
AEA,Abemama,Pacific/Tarawa
AAK,Buariki,Pacific/Tarawa
KUC,Kuria,Pacific/Tarawa
AIS,Arorae,Pacific/Tarawa
TMN,Tamana,Pacific/Tarawa
BEZ,Beru Island,Pacific/Tarawa
NIG,Nikunau,Pacific/Tarawa
BBG,Butaritari,Pacific/Tarawa
MTK,Makin,Pacific/Tarawa
MNK,Maiana,Pacific/Tarawa
NON,Nonouti,Pacific/Tarawa
TSU,Tabiteuea,Pacific/Tarawa
WTZ,Whitianga,Pacific/Auckland
KTF,Takaka,Pacific/Auckland
AFT,Afutara,Pacific/Guadalcanal
RNA,Ulawa,Pacific/Guadalcanal
CHY,Choiseul Bay,Pacific/Guadalcanal
NNB,Santa Ana,Pacific/Guadalcanal
XYA,Yandina,Pacific/Guadalcanal
BPF,Batuna,Pacific/Guadalcanal
BOW,Bartow,America/New_York
FTI,Fiti\'uta,Pacific/Pago_Pago
LVK,Livermore,America/Los_Angeles
RMY,Mariposa,America/Los_Angeles
GFY,Grootfontein,Africa/Windhoek
NDU,Rundu,Africa/Windhoek
TRM,Palm Springs,America/Los_Angeles
SMO,Santa Monica,America/Los_Angeles
UDD,Palm Springs,America/Los_Angeles
SCF,Scottsdale,America/Phoenix
OLM,Olympia,America/Los_Angeles
RIL,Rifle,America/Denver
SAA,SARATOGA,America/Denver
PDK,Atlanta,America/New_York
BMG,Bloomington,America/Indiana/Indianapolis
SUA,Stuart,America/New_York
MMU,Morristown,America/New_York
APC,Napa,America/Los_Angeles
SDM,San Diego,America/Los_Angeles
VNC,Venice,America/New_York
PHK,Pahokee,America/New_York
ECP,Panama City,America/Chicago
SBD,San Bernardino,America/Los_Angeles
VAL,Valenca,America/Bahia
CAU,Caruaru,America/Recife
AWK,Wake island,Pacific/Wake
QNV,Nova Iguacu,America/Sao_Paulo
SQL,San Carlos,America/Los_Angeles
RWI,Rocky Mount,America/New_York
SXQ,Soldotna,America/Anchorage
SEE,El Cajon,America/Los_Angeles
PHA,Phan Rang,Asia/Ho_Chi_Minh
SQH,Son-La,Asia/Bangkok
TKF,Truckee,America/Los_Angeles
FRJ,Frejus,Europe/Paris
GEX,Geelong,Australia/Melbourne
LVM,Livingston-Montana,America/Denver
GMV,Monument Valley,America/Denver
JRA,New York,America/New_York
LAL,Lakeland,America/New_York
SYH,Syangboche,Asia/Kathmandu
RBK,Murrieta-Temecula,America/Los_Angeles
FNU,Oristano,Europe/Rome
MYQ,Mysore,Asia/Kolkata
MGY,Dayton,America/New_York
FDY,Findley,America/New_York
PEA,Penneshaw,Australia/Adelaide
EMP,Kempten,America/Chicago
HYC,Wycombe,Europe/London
BBP,Bembridge,Europe/London
SPF,Spearfish-South Dakota,America/Denver
QYD,Gdynia,Europe/Warsaw
OLV,Olive Branch,America/Chicago
KNA,Vina del Mar,America/Santiago
ONQ,Zonguldak,Europe/Istanbul
BJC,Broomfield-CO,America/Denver
SLE,Salem,America/Los_Angeles
UTM,Tunica,America/Chicago
ZKB,Kasaba Bay,Africa/Lusaka
LND,Lindau,America/Denver
MWC,Milwaukee,America/Chicago
JVL,Janesville,America/Chicago
LZU,Lawrenceville,America/New_York
BWG,Bowling Green,America/Chicago
RVS,Tulsa,America/Chicago
NHD,Minhad AB,Asia/Dubai
KGO,Kirovograd,Europe/Kyiv
DBB,Dabaa City,Africa/Cairo
BCE,Bryce Canyon,America/Denver
CKL,Shchyolkovo,Europe/Moscow
TCZ,Tengchong,Asia/Shanghai
UKS,Sevastopol,Europe/Simferopol
OAZ,Camp Bastion,Asia/Kabul
JCI,Olathe,America/Chicago
ESN,Easton,America/New_York
HMR,Hamar,Europe/Oslo
MYV,Yuba City,America/Los_Angeles
DUC,Duncan,America/Chicago
UVA,Uvalde,America/Chicago
LOT,Lockport,America/Chicago
CCR,Concord,America/Los_Angeles
OCA,Ocean Reef Club Airport,America/New_York
YUS,Yushu,Asia/Shanghai
HIA,Huai An,Asia/Shanghai
YOO,Oshawa,America/Toronto
LHA,Lahr,Europe/Berlin
NYW,Monywa,Asia/Yangon
ATO,Athens,America/New_York
SGH,Springfield,America/New_York
HEX,Santo Domingo,America/Santo_Domingo
CDA,Cooinda,Australia/Darwin
JAB,Jabiru,Australia/Darwin
HGS,Freetown,Africa/Freetown
TOP,Topeka,America/Chicago
MQY,Smyrna,America/Chicago
UOS,Sewanee,America/Chicago
NGQ,Shiquanhe,Asia/Shanghai
CSO,Cochstedt,Europe/Berlin
PWK,Chicago-Wheeling,America/Chicago
KLS,Kelso,America/Los_Angeles
ZTA,Tureia,Pacific/Tahiti
PUE,Puerto Obaldia,America/Panama
KHC,Kerch,Europe/Simferopol
UKA,Ukunda,Africa/Nairobi
ILN,Wilmington,America/New_York
AVW,Tucson,America/Phoenix
CGZ,Casa Grande,America/Phoenix
BXK,Buckeye,America/Phoenix
MMI,Athens,America/New_York
STK,Sterling,America/Denver
RWL,Rawlins,America/Denver
CDW,Caldwell,America/New_York
AIZ,Kaiser Lake Ozark,America/Chicago
TVI,Thomasville,America/New_York
HSH,Henderson,America/Los_Angeles
GML,Kiev,Europe/Kyiv
TMA,Tifton,America/New_York
RDO,RADOM,Europe/Warsaw
DVT,Phoenix ,America/Phoenix
YRV,Revelstoke,America/Vancouver
FRG,Farmingdale,America/New_York
ZHY,Zhongwei,Asia/Shanghai
MCL,McKinley Park,America/Anchorage
PPC,Prospect Creek,America/Anchorage
KHW,Khwai River,Africa/Gaborone
TXG,Taichung,Asia/Taipei
HLG,Wheeling,America/New_York
XYE,Ye,Asia/Yangon
DWC,Dubai,Asia/Dubai
RKP,Rockport,America/Chicago
MVV,Verdun,Europe/Paris
MFX,Ajaccio,Europe/Paris
AEB,Baise,Asia/Shanghai
OKF,Okaukuejo,Africa/Windhoek
OKU,Mokuti Lodge,Africa/Windhoek
KOQ,Koethen,Europe/Berlin
PSH,Sankt Peter-Ording,Europe/Berlin
TTD,Troutdale,America/Los_Angeles
HIO,Hillsboro,America/Los_Angeles
KHT,Khost,Asia/Kabul
NMT,Naypyidaw,Asia/Yangon
BNO,Burns,America/Los_Angeles
PRZ,Prineville,America/Los_Angeles
RBL,Red Bluff,America/Los_Angeles
NOT,Novato,America/Los_Angeles
LKV,Lakeview,America/Los_Angeles
OTK,Tillamook,America/Los_Angeles
ONO,Ontario,America/Boise
DLS,The Dalles,America/Los_Angeles
GAI,Gaithersburg,America/New_York
OAS,Sharona,Asia/Kabul
YTA,Pembroke,America/Toronto
TSB,Tsumeb,Africa/Windhoek
YSD,Suffield,America/Edmonton
BNU,BLUMENAU,America/Sao_Paulo
YCC,Cornwall,America/Toronto
IZA,Juiz de Fora,America/Sao_Paulo
MVL,Morrisville,America/New_York
RBD,Dallas,America/Chicago
BXY,Baikonur,Asia/Qyzylorda
WST,Washington County,America/New_York
BID,Block Island,America/New_York
NME,Nightmute,America/Nome
OOK,Toksook Bay,America/Nome
OBY,Ittoqqortoormiit,America/Scoresbysund
VIN,Vinnitsa,Europe/Kyiv
BGE,Bainbridge,America/New_York
ZGS,La Romaine,America/Blanc-Sablon
ZKG,Kegaska,America/Blanc-Sablon
YBI,Black Tickle,America/St_Johns
WHP,Los Angeles,America/Los_Angeles
MAE,Madera,America/Los_Angeles
YZZ,Trail,America/Vancouver
YAB,Arctic Bay,America/Rankin_Inlet
GSI,Grand-Santi,America/Cayenne
MPY,Maripasoula,America/Cayenne
LDX,Saint-Laurent-du-Maroni,America/Cayenne
KJI,Burqin,Asia/Urumqi
CPB,Capurgana,America/Bogota
HMB,Sohag,Africa/Cairo
RVY,Rivera,America/Montevideo
POJ,Patos de Minas,America/Sao_Paulo
JTC,Bauru,America/Sao_Paulo
OIA,Ourilandia do Norte,America/Belem
RDC,Redencao,America/Belem
SXX,Sao Felix do Xingu,America/Belem
BYO,Bointo,America/Campo_Grande
SXO,Sao Felix do Araguaia,America/Cuiaba
CFC,Cacador,America/Sao_Paulo
CAF,Carauari,America/Manaus
ERN,Eirunepe,America/Eirunepe
CCI,Concordia,America/Sao_Paulo
FBE,Francisco Beltrao,America/Sao_Paulo
CFO,Confresa,America/Cuiaba
AAF,Apalachicola,America/New_York
UMU,Umuarama,America/Sao_Paulo
DTI,Diamantina,America/Sao_Paulo
FBA,Fonte Boa,America/Manaus
OLC,Sao Paulo de Olivenca,America/Manaus
HUW,Humaita,America/Manaus
IRZ,Santa Isabel do Rio Negro,America/Manaus
ORX,Oriximina,America/Santarem
UNA,Una,America/Bahia
TEF,Telfer,Australia/Perth
GZP,Alanya,Europe/Istanbul
OAA,Shank,Asia/Kabul
FPR,Fort Pierce,America/New_York
PYM,Plymouth,America/New_York
NCO,North Kingstown,America/New_York
OWD,Norwood,America/New_York
BAF,Westfield,America/New_York
MGJ,Montgomery,America/New_York
HAR,Harrisburg,America/New_York
DXR,Danbury,America/New_York
ASH,Nashua,America/New_York
LWM,Lawrence,America/New_York
OXC,Oxford,America/New_York
RMG,Rome,America/New_York
GAD,Gadsden,America/Chicago
WDR,Winder,America/New_York
DNN,Dalton,America/New_York
LGC,LaGrange,America/New_York
PIM,Pine Mountain,America/New_York
GVL,Gainesville,America/New_York
PHD,New Philadelpha,America/New_York
HHH,Hilton Head Island,America/New_York
DNL,Augusta,America/New_York
MRN,Morganton,America/New_York
PVL,Pikeville,America/New_York
TOC,Toccoa,America/New_York
PLV,Poltava,Europe/Kyiv
WUU,Wau,Africa/Juba
HUE,Humera,Africa/Addis_Ababa
OYL,Moyale,Africa/Nairobi
OZG,Zagora,Africa/Casablanca
WYE,Yengema,Africa/Freetown
GBK,Gbangbatok,Africa/Freetown
THX,Turukhansk,Asia/Krasnoyarsk
TGP,Bor,Asia/Krasnoyarsk
AFW,Fort Worth,America/Chicago
RMK,Renmark,Australia/Adelaide
LGH,Leigh Creek,Australia/Adelaide
RTS,Rottnest Island,Australia/Perth
FOS,Forrest,Australia/Perth
KEW,Keewaywin,America/Winnipeg
YSP,Marathon,America/Toronto
YHF,Hearst,America/Toronto
YHN,Hornepayne,America/Toronto
YKX,Kirkland Lake,America/Toronto
YMG,Manitouwadge,America/Toronto
YXZ,Wawa,America/Toronto
YEM,Manitowaning,America/Toronto
LWC,Lawrence,America/Chicago
PPM,Pompano Beach,America/New_York
XMC,Mallacoota,Australia/Melbourne
ULH,Al-Ula,Asia/Riyadh
YUE,Yuendumu ,Australia/Darwin
LOP,Praya,Asia/Makassar
ZMH,108 Mile Ranch,America/Vancouver
HDG,Handan,Asia/Shanghai
LOZ,London,America/New_York
FBG,Fredericksburg,America/New_York
WMI,Warsaw,Europe/Warsaw
JXA,Jixi,Asia/Shanghai
JDG,Seogwipo,Asia/Seoul
YGM,Gimli,America/Winnipeg
EYK,Beloyarsky,Asia/Yekaterinburg
RAC,Racine,America/Chicago
RZP,Taytay,Asia/Manila
RKZ,Shigatse,Asia/Shanghai
TIW,Tacoma,America/Los_Angeles
GUF,Gulf Shores,America/Chicago
IBB,Isabela,Pacific/Galapagos
HMJ,Khmeinitskiy,Europe/Kyiv
HIW,Hiroshima,Asia/Tokyo
KYI,Yalata,Australia/Adelaide
HZL,Hazleton,America/New_York
CBE,Cumberland,America/New_York
WYN,Wyndham,Australia/Perth
YBO,Bob Quinn Lake,America/Vancouver
KLF,Kaluga,Europe/Moscow
LNR,Lone Rock,America/Chicago
JOT,Joliet,America/Chicago
VYS,Peru,America/Chicago
JXN,Jackson,America/Detroit
BBX,Philadelphia,America/New_York
OBE,Okeechobee,America/New_York
SEF,Sebring,America/New_York
AVO,Avon Park,America/New_York
GIF,Winter Haven,America/New_York
ZPH,Zephyrhills,America/New_York
OCF,Ocala,America/New_York
AIK,Aiken,America/New_York
CDN,Camden,America/New_York
LBT,Lumberton,America/New_York
SOP,Pinehurst-Southern Pines,America/New_York
SVH,Statesville,America/New_York
LHV,Lock Haven,America/New_York
BKL,Cleveland,America/New_York
DKK,Dunkirk,America/New_York
LLY,Mount Holly,America/New_York
LDJ,Linden,America/New_York
ANQ,Angola,America/Indiana/Indianapolis
CLW,Clearwater,America/New_York
CGX,Chicago,America/Chicago
CRE,North Myrtle Beach,America/New_York
BXO,Buochs,Europe/Zurich
WBW,Wilkes-Barre,America/New_York
LNN,Willoughby,America/New_York
UMD,Uummannaq,America/Nuuk
RLK,Bayannur,Asia/Shanghai
FFT,Frankfort,America/New_York
LEW,Lewiston,America/New_York
MRK,Marco Island Airport,America/New_York
DRE,Drummond Island,America/Detroit
GDW,Gladwin,America/Detroit
MFI,Marshfield,America/Chicago
ISW,Wisconsin Rapids,America/Chicago
CWI,Clinton,America/Chicago
BVY,Beverly,America/New_York
OSF,Moscow,Europe/Moscow
YRQ,Trois Rivieres,America/Toronto
POF,Poplar Bluff,America/Chicago
EOK,Keokuk,America/Chicago
PSL,Perth,Europe/London
STP,St. Paul,America/Chicago
SOO,Soderhamn,Europe/Stockholm
VNA,Saravane,Asia/Vientiane
DKS,Dikson,Asia/Krasnoyarsk
BYT,Bantry,Europe/Dublin
ADY,Alldays,Africa/Johannesburg
HAO,Hamilton,America/New_York
GAS,Garissa,Africa/Nairobi
HOA,Hola,Africa/Nairobi
KEY,Kericho,Africa/Nairobi
ILU,Kilaguni,Africa/Nairobi
ATJ,Antsirabe,Indian/Antananarivo
OVA,Bekily,Indian/Antananarivo
UTS,Ust-Tsylma,Europe/Moscow
RGK,Gorno-Altaysk,Asia/Barnaul
FLD,Fond du Lac,America/Chicago
STE,Stevens Point,America/Chicago
MQJ,Honuu,Asia/Srednekolymsk
PEF,Peenemunde,Europe/Berlin
CJN,Nusawiru,Asia/Jakarta
GQQ,Galion,America/New_York
TPN,Tiputini,America/Guayaquil
PTZ,Pastaza,America/Guayaquil
CKV,Clarksville,America/Chicago
LPC,Lompoc,America/Los_Angeles
CTH,Coatesville,America/New_York
BST,Lashkar Gah,Asia/Kabul
LLK,Lankaran,Asia/Baku
GBB,Qabala,Asia/Baku
ZTU,Zaqatala,Asia/Baku
LKP,Lake Placid,America/New_York
KDY,Khandyga,Asia/Khandyga
GYG,Yakutsk,Asia/Yakutsk
JIQ,Qianjiang,Asia/Shanghai
AOH,Lima,America/New_York
DSO,Hamhung,Asia/Pyongyang
SSI,Brunswick,America/New_York
BFP,Beaver Falls,America/New_York
GGE,Georgetown,America/New_York
HDI,Cleveland,America/New_York
RNT,Renton,America/Los_Angeles
POC,La Verne,America/Los_Angeles
CTY,Cross City,America/New_York
CEU,Clemson,America/New_York
BEC,Wichita,America/Chicago
QFO,Duxford,Europe/London
SNY,Sidney,America/Denver
GKL,Great Keppel Island,Australia/Brisbane
RPB,Roper Bar,Australia/Darwin
IFL,Innisfail,Australia/Brisbane
JRF,Kapolei,Pacific/Honolulu
BIN,Bamyan,Asia/Kabul
NBS,Baishan,Asia/Shanghai
RGO,Chongjin,Asia/Pyongyang
MOO,Moomba,Australia/Adelaide
LUZ,Lublin,Europe/Warsaw
ECA,East Tawas,America/Detroit
VAM,Maamigili,Indian/Maldives
LLF,Yongzhou,Asia/Shanghai
LSZ,Mali Losinj,Europe/Zagreb
ONS,Onslow,Australia/Perth
TDR,Theodore,Australia/Brisbane
WBU,Boulder,America/Denver
BBJ,Birburg,Europe/Berlin
PAO,Palo Alto,America/Los_Angeles
USR,Ust-Nera,Asia/Ust-Nera
MSC,Mesa,America/Phoenix
YTY,Yangzhou,Asia/Shanghai
PTK,Pontiac,America/Detroit
KSI,Kissidougou,Africa/Conakry
EEN,Keene,America/New_York
THQ,Tianshui,Asia/Shanghai
VRO,Kawama,America/Havana
GKK,Kooddoo,Indian/Maldives
RCS,Rochester,Europe/London
RHD,Rio Hondo,America/Argentina/Cordoba
KMP,Keetmanshoop,Africa/Windhoek
KGT,Kangding,Asia/Shanghai
VUS,Veliky Ustyug,Europe/Moscow
IOW,Iowa City,America/Chicago
TLQ,Turpan,Asia/Urumqi
ANP,Annapolis,America/New_York
FXO,Cuamba,Africa/Maputo
ODO,Bodaibo,Asia/Irkutsk
ZTR,Zhytomyr,Europe/Kyiv
HRI,Mattala,Asia/Colombo
PEQ,Pecos,America/Chicago
HBG,Hattiesburg,America/Chicago
QCJ,Botucatu,America/Sao_Paulo
QSC,Sao Carlos,America/Sao_Paulo
YKN,Yankton,America/Chicago
XSB,Sir Bani Yas Island,Asia/Dubai
ZBM,Bromont,America/Toronto
KTI,Kratie,Asia/Phnom_Penh
GYU,Guyuan,Asia/Shanghai
CNI,Changhai,Asia/Shanghai
KRH,Redhill,Europe/London
JGD,Jiagedaqi District,Asia/Shanghai
CCL,Chinchilla,Australia/Brisbane
HWD,Hayward,America/Los_Angeles
MZP,Motueka,Pacific/Auckland
JHQ,Shute Harbour,Australia/Brisbane
ARB,Ann Arbor,America/Detroit
SHT,Shepparton,Australia/Melbourne
TEM,Temora,Australia/Sydney
GAH,Gayndah,Australia/Brisbane
WIO,Wilcannia,Australia/Sydney
BFJ,Bijie,Asia/Shanghai
ULK,Lensk,Asia/Yakutsk
KVR,Kavalerovo,Asia/Vladivostok
IGD,Igdir,Europe/Istanbul
GNY,Sanliurfa,Europe/Istanbul
KZR,Kutahya,Europe/Istanbul
VLU,Velikiye Luki,Europe/Moscow
BEO,Lake Macquarie,Australia/Sydney
BMP,Brampton Island,Australia/Brisbane
NGZ,Alameda,America/Los_Angeles
YCN,Cochrane,America/Toronto
BJP,Braganca Paulista,America/Sao_Paulo
BQB,Brusselton,Australia/Perth
SEK,Srednekolymsk,Asia/Srednekolymsk
IVR,Inverell,Australia/Sydney
GLI,Glen Innes,Australia/Sydney
IMM,Immokalee ,America/New_York
TQQ,Sulawesi Tenggara,Asia/Makassar
YIC,Yichun,Asia/Shanghai
PTB,Petersburg,America/New_York
SBM,Sheboygan,America/Chicago
KFE,Cloudbreak,Australia/Perth
BJU,Bajura,Asia/Kathmandu
MZJ,Marana,America/Phoenix
SAD,Safford,America/Phoenix
SLJ,Solomon,Australia/Perth
KJP,Kerama,Asia/Tokyo
EKB,Ekibastuz,Asia/Almaty
SIK,Sikeston,America/Chicago
TTI,Tetiaroa,Pacific/Tahiti
GFL,Queensbury,America/New_York
MTN,Baltimore,America/New_York
FRY,Fryeburg,America/New_York
NEW,New Orleans,America/Chicago
COE,Coeur d'Alene,America/Los_Angeles
BMT,Beaumont,America/Chicago
DNV,Danville,America/Chicago
COJ,Coonabarabran,Australia/Sydney
TIX,Titusville,America/New_York
BZH,Bumi Hills,Africa/Harare
UAR,Bouarfa,Africa/Casablanca
NYE,NYERI,Africa/Nairobi
AAP,Houston,America/Chicago
FCM,Eden Prairie,America/Chicago
LIX,Likoma Island,Africa/Blantyre
OJC,Olathe,America/Chicago
GIU,Sigiriya,Asia/Colombo
EUM,Neumuenster,Europe/Berlin
TKT,Tak,Asia/Bangkok
YLK,Barrie-Orillia,America/Toronto
YCM,Saint Catherines,America/Toronto
YPD,Parry Sound,America/Toronto
MNZ,Manassas,America/New_York
LJN,Angleton,America/Chicago
BGG,Bingol,Europe/Istanbul
KFS,Kastamonu,Europe/Istanbul
LLV,Lvliang,Asia/Shanghai
DCY,Daocheng,Asia/Shanghai
GXH,Xiahe city,Asia/Shanghai
CIY,Comiso,Europe/Rome
KVM,Markovo,Asia/Anadyr
ZKP,Zyryanka,Asia/Srednekolymsk
UMS,Ust-Maya,Asia/Khandyga
ADH,Aldan,Asia/Yakutsk
OLZ,Olekminsk,Asia/Yakutsk
NLT,Xinyuan,Asia/Urumqi
PTA,Port alsworth,America/Anchorage
BOR,Belfort,Europe/Paris
OBC,Obock,Africa/Djibouti
TDJ,Tadjoura,Africa/Djibouti
AQB,Santa Cruz des Quiche,America/Guatemala
NOR,Nordfjordur,Atlantic/Reykjavik
BTZ,Bursa,Europe/Istanbul
WAR,Waris-Papua Island,Asia/Jayapura
EWK,Newton,America/Chicago
BSJ,Bairnsdale,Australia/Melbourne
TZR,Columbus,Europe/Budapest
FBR,Fort Bridger,America/Denver
CLS,Chehalis,America/Los_Angeles
EVW,Evanston,America/Denver
EUF,Eufala,America/Chicago
MEO,Manteo,America/New_York
AUO,Auburn,America/Chicago
DBN,Dublin,America/New_York
PUK,Pukarua,Pacific/Tahiti
CVO,Corvallis,America/Los_Angeles
PXH,Prominent Hill,Australia/Adelaide
CWT,Chatsworth,Australia/Sydney
OGD,Ogden,America/Denver
AKO,Akron,America/Denver
SHN,Shelton,America/Los_Angeles
WNA,Napakiak,America/Anchorage
PKA,Napaskiak,America/Anchorage
YBW,Bedwell Harbour,America/Vancouver
WSO,Washabo,America/Paramaribo
WKR,Walker's Cay,America/Nassau
GFO,Bartica,America/Guyana
DYL,Doylestown,America/New_York
TGI,Tingo Maria,America/Lima
TJL,Tres Lagoas,America/Campo_Grande
YZY,Zhangye,Asia/Shanghai
OAL,Cacoal,America/Porto_Velho
OCW,Washington,America/New_York
MHC,Castro,America/Santiago
SWO,Stillwater,America/Chicago
OKM,Okmulgee,America/Chicago
CUH,Cushing,America/Chicago
CSM,Clinton,America/Chicago
WLD,Winfield,America/Chicago
PWA,Oklahoma City,America/Chicago
DTN,Shreveport,America/Chicago
SEP,Stephenville,America/Chicago
ADT,Ada,America/Chicago
IRB,Iraan,America/Chicago
YEL,ELLIOT LAKE,America/Toronto
IKB,North Wilkesboro,America/New_York
DAN,Danville,America/New_York
ERG,Yerbogachen,Asia/Irkutsk
HCW,Cheraw,America/New_York
BEM,Beni Mellal,Africa/Casablanca
NKT,Cizre,Europe/Istanbul
SUY,Suntar,Asia/Yakutsk
OUZ,Zouerat,Africa/Nouakchott
ABB,Asaba,Africa/Lagos
QUO,Uyo,Africa/Lagos
KAA,Kasama,Africa/Lusaka
SGX,Songea,Africa/Dar_es_Salaam
JUH,Chizhou,Asia/Shanghai
AOG,Anshan,Asia/Shanghai
DQA,Daqing,Asia/Shanghai
ZYI,Zunyi,Asia/Shanghai
LDS,Yinchun,Asia/Shanghai
AVA,Anshun,Asia/Shanghai
KSS,Sikasso,Africa/Bamako
WTB,Toowoomba,Australia/Brisbane
TNH,Tonghua,Asia/Shanghai
SZV,Suzhou,Asia/Shanghai
LII,Mulia,Asia/Jayapura
NTI,Bintuni,Asia/Jayapura
WSR,Wasior,Asia/Jayapura
DTB,Siborong-Borong,Asia/Jakarta
MEQ,Nagan Raya,Asia/Jakarta
BUW,Bau-Bau,Asia/Makassar
KAZ,Kao,Asia/Jayapura
MNA,Melonguane,Asia/Makassar
SGQ,Sanggata,Asia/Makassar
BUU,Muara Bungo,Asia/Jakarta
ILA,Illaga,Asia/Jayapura
OKL,Oksibil,Asia/Jayapura
KOX,Kokonau,Asia/Jayapura
CMQ,Clermont,Australia/Brisbane
WMB,Warrnambool,Australia/Melbourne
RCM,Richmond,Australia/Brisbane
DCN,Derby,Australia/Perth
KNO,Medan,Asia/Jakarta
AMN,Kamloops,America/Detroit
HMY,Seosan,Asia/Seoul
EMT,El Monte,America/Los_Angeles
FAH,Farah,Asia/Kabul
IXT,Pasighat,Asia/Kolkata
KRQ,Kramatorsk,Europe/Kyiv
QKX,Kautokeino,Europe/Oslo
SSF,Stinson,America/Chicago
JAS,Jasper,America/Chicago
MRF,Marfa,America/Chicago
ALE,Alpine,America/Chicago
BQE,Bubaque,Africa/Bissau
CZA,Chichen Itza,America/Merida
BUY,Bunbury,Australia/Perth
CCB,Upland,America/Los_Angeles
EKI,Elkhart,America/Indiana/Indianapolis
CUB,Columbia,America/New_York
GDC,Greenville,America/New_York
HVS,Hartsville,America/New_York
SZT,San Cristobal de las Casas,America/Mexico_City
DU9,Dunnville,America/Toronto
RIH,Rio Hato,America/Panama
LEE,Leesburg,America/New_York
PPY,Pouso Alegre,America/Sao_Paulo
DIQ,Divinopolis,America/Sao_Paulo
EIK,Eysk,Europe/Moscow
ERD,Berdyansk,Europe/Kyiv
BWX,Banyuwangi,Asia/Jakarta
ERL,Erenhot,Asia/Shanghai
CNO,Chino,America/Los_Angeles
HTR,Taketomi,Asia/Tokyo
BWW,Cayo Santa Maria,America/Havana
PRB,Paso Robles,America/Los_Angeles
PKX,Beijing,Asia/Shanghai
HAF,Half Moon Bay,America/Los_Angeles
HCJ,Hechi,Asia/Shanghai
WJF,Lancaster,America/Los_Angeles
CJF,Coondewanna,Australia/Perth
GUZ,Guarapari,America/Sao_Paulo
UBT,Ubatuba,America/Sao_Paulo
BOX,Borroloola,Australia/Darwin
QUG,Goodwood,Europe/London
TNW,Tena,America/Guayaquil
FYJ,Fuyuan,Asia/Shanghai
PZL,Phinda,Africa/Johannesburg
LPF,Liupanshui,Asia/Shanghai
KJH,Kaili,Asia/Shanghai
HPG,Shennongjia,Asia/Shanghai
ZQZ,Zhangjiakou,Asia/Shanghai
YIE,Arxan,Asia/Shanghai
HNY,Hengyang,Asia/Shanghai
AHJ,Ngawa,Asia/Shanghai
WOS,Wonsan,Asia/Pyongyang
IGT,Magas,Europe/Moscow
ASN,Talladega,America/Chicago
GMU,Greenville,America/New_York
NGD,Anegada,America/Tortola
TOI,Troy,America/Chicago
ETS,Enterprise,America/Chicago
EFG,Efogi,Pacific/Port_Moresby
KGW,Kagi,Pacific/Port_Moresby
NDN,Nadunumu,Pacific/Port_Moresby
BNM,Bodinumu,Pacific/Port_Moresby
ALX,Alexander City,America/Chicago
PKT,Wadeye,Australia/Darwin
GPN,Pirlangimpi,Australia/Darwin
DOH,Doha,Asia/Qatar
HZP,Wood Buffalo,America/Edmonton
HDE,Holdredge,America/Chicago
PTT,Pratt,America/Chicago
LXN,Lexington,America/Chicago
CBF,Council Bluffs,America/Chicago
OKK,Kokomo,America/Indiana/Indianapolis
GBG,Galesburg,America/Chicago
GUY,Guymon,America/Chicago
IDP,Independence,America/Chicago
BBC,Bay City,America/Chicago
PRX,Paris,America/Chicago
CFV,Coffeyville,America/Chicago
GXY,Greeley,America/Denver
OEL,Oakley,Europe/Moscow
FET,Fremont,America/Chicago
LGD,La Grande,America/Los_Angeles
SZY,Szczytno-Szymany,Europe/Warsaw
MPO,Mount Pocono,America/New_York
UKT,Quakertown,America/New_York
YBA,Banff,America/Edmonton
BNG,Banning,America/Los_Angeles
OFK,Norfolk  Nebraska,America/Chicago
TFL,Teofilo Otoni,America/Sao_Paulo
TPF,Tampa,America/New_York
BZC,Buzios,America/Sao_Paulo
ITP,Itaperuna,America/Sao_Paulo
REZ,Resende,America/Sao_Paulo
KBN,Kabinda,Africa/Lubumbashi
IKL,Ikela,Africa/Kinshasa
AIR,Aripuana,America/Cuiaba
JRN,Juruena,America/Cuiaba
JIA,Juina,America/Cuiaba
VLP,Vila Rica,America/Cuiaba
JUA,Juara,America/Cuiaba
CCX,Caceres,America/Cuiaba
TGQ,Tangara da Serra,America/Cuiaba
CQA,Canarana,America/Cuiaba
MTG,Vila Bela da Santissima Trindade ,America/Cuiaba
BMB,Bumba,Africa/Kinshasa
APQ,Arapiraca,America/Maceio
FLB,Floriano,America/Fortaleza
PCS,Picos,America/Fortaleza
BNC,Beni,Africa/Lubumbashi
BNB,Boende,Africa/Kinshasa
MTP,Montauk,America/New_York
VPZ,Valparaiso IN,America/Chicago
DRV,DHARAVANDHOO,Indian/Maldives
SXK,Saumlaki,Asia/Jayapura
MLZ,Melo,America/Montevideo
PDU,Paysandu,America/Montevideo
ATI,Artigas ,America/Montevideo
HSM,Horsham,Australia/Melbourne
SWH,Swan Hill,Australia/Melbourne
TTL,Turtle Island,Pacific/Fiji
KWB,Karimunjawa,Asia/Jakarta
KOO,Kongolo,Africa/Lubumbashi
AOU,Attopeu,Asia/Vientiane
SQX,Sao Miguel do Oeste,America/Sao_Paulo
LDM,Ludington,America/Detroit
RHV,San Jose,America/Los_Angeles
OHS,Sohar,Asia/Muscat
KCF,Kadanwari,Asia/Karachi
RZS,Sindh,Asia/Karachi
TMF,Thimarafushi,Indian/Maldives
IFU,Ifuru,Indian/Maldives
KZF,Kieta,Pacific/Port_Moresby
OGU,Ordu-Giresun,Europe/Istanbul
YKO,Hakkari,Europe/Istanbul
BUT,Jakar,Asia/Thimphu
TLI,Toli-Toli,Asia/Makassar
TQL,Tarko-Sale,Asia/Yekaterinburg
JIC,Jinchuan,Asia/Shanghai
BPL,Bole,Asia/Urumqi
FYN,Fuyun,Asia/Urumqi
ACS,Achinsk,Asia/Krasnoyarsk
LFQ,LINFEN,Asia/Shanghai
YJP,Hinton,America/Edmonton
WVI,Watsonville,America/Los_Angeles
GLU,Gelephu,Asia/Thimphu
HLI,Hollister,America/Los_Angeles
DLK,Dulkaninna,Australia/Adelaide
YBS,Musselwhite Mine,America/Winnipeg
RIZ,Rizhao,Asia/Shanghai
SQJ,Sanming,Asia/Shanghai
XTO,Taroom,Australia/Brisbane
YSE,Squamish,America/Vancouver
YAH,La Grande-4,America/Toronto
YAL,Alert Bay,America/Vancouver
YCE,Centralia,America/Toronto
YCQ,Chetwynd,America/Dawson_Creek
XRR,Ross River,America/Whitehorse
YDO,Dolbeau-St-Flicien,America/Toronto
YEY,Amos,America/Toronto
YHE,Hope,America/Vancouver
YHT,Haines Junction,America/Whitehorse
YDG,Digby,America/Halifax
YJF,Fort Liard,America/Inuvik
YKJ,Key Lake,America/Regina
YLR,Leaf Rapids,America/Winnipeg
YME,Matane,America/Toronto
YML,Charlevoix,America/Toronto
YOS,Owen Sound,America/Toronto
YPS,Port Hawkesbury,America/Glace_Bay
YQS,St Thomas,America/Toronto
YRO,Ottawa,America/Toronto
YSH,Smiths Falls,America/Toronto
YSL,St Leonard,America/Moncton
YVE,Vernon,America/Vancouver
YXQ,Beaver Creek,America/Dawson
YSN,Salmon Arm,America/Vancouver
KES,Kelsey,America/Winnipeg
XPK,Pukatawagan,America/Winnipeg
ZGF,Grand Forks,America/Vancouver
ZJG,Jenpeg,America/Winnipeg
YTD,Thicket Portage,America/Winnipeg
PIW,Pikwitonei,America/Winnipeg
XPP,Poplar River,America/Winnipeg
WPC,Pincher Creek,America/Edmonton
ZST,Stewart,America/Vancouver
ZUC,Ignace,America/Winnipeg
FNB,Neubrandenburg,Europe/Berlin
FSS,Kinloss,Europe/London
BXP,Biaa Podlaska,Europe/Warsaw
DGP,Daugavpils,Europe/Riga
LMR,Lime Acres,Africa/Johannesburg
SXN,Sowa,Africa/Gaborone
NDD,Sumbe,Africa/Luanda
MAI,Mangochi,Africa/Blantyre
ADI,Arandis,Africa/Windhoek
MWE,Merowe,Africa/Khartoum
ALN,Alton/St Louis,America/Chicago
AXN,Alexandria,America/Chicago
CLU,Columbus,America/Indiana/Indianapolis
BBD,Brady,America/Chicago
BIH,Bishop,America/Los_Angeles
BKE,Baker City,America/Los_Angeles
BPI,Big Piney,America/Denver
WMH,Mountain Home,America/Chicago
BTL,Battle Creek,America/Detroit
BYI,Burley,America/Boise
CCY,Charles City,America/Chicago
CNU,Chanute,America/Chicago
CRG,Jacksonville,America/New_York
CSV,Crossville,America/Chicago
DAA,Fort Belvoir,America/New_York
DAG,Daggett,America/Los_Angeles
DMN,Deming,America/Denver
DRA,Mercury,America/Los_Angeles
EED,Needles,America/Los_Angeles
EGI,Crestview,America/Chicago
EKA,Eureka,America/Los_Angeles
HYR,Hayward,America/Chicago
JCT,Junction,America/Chicago
LOL,Lovelock,America/Los_Angeles
MBG,Mobridge,America/Chicago
MCB,Mc Comb,America/Chicago
MDH,Carbondale/Murphysboro,America/Chicago
MMT,Eastover,America/New_York
NHZ,Brunswick,America/New_York
NRB,Mayport,America/New_York
OGB,Orangeburg,America/New_York
OTM,Ottumwa,America/Chicago
OZR,Fort Rucker/Ozark,America/Chicago
PWY,Pinedale,America/Denver
POU,Poughkeepsie,America/New_York
RSL,Russell,America/Chicago
RWF,Redwood Falls,America/Chicago
SNS,Salinas,America/Los_Angeles
TPH,Tonopah,America/Los_Angeles
UKI,Ukiah,America/Los_Angeles
UOX,Oxford,America/Chicago
HTV,Huntsville,America/Chicago
VTN,Valentine,America/Chicago
WMC,Winnemucca,America/Los_Angeles
WWR,Woodward,America/Chicago
ZZV,Zanesville,America/New_York
ECV,Madrid,Europe/Madrid
CDT,Castelln de la Plana,Europe/Madrid
TEV,Teruel,Europe/Madrid
QLP,Sarzana (SP),Europe/Rome
BJY,Batajnica,Europe/Belgrade
RUV,Rubelsanto,America/Guatemala
XPL,Comayagua,America/Tegucigalpa
UPL,Upala,America/Costa_Rica
QSN,San Nicols,America/Havana
SNJ,Pinar Del Rio,America/Havana
DWD,Dawadmi Domestic Airport,Asia/Riyadh
KMX,Khamis Mushait,Asia/Riyadh
XXN,Riyadh,Asia/Riyadh
KNR,Kangan,Asia/Tehran
PYK,Karaj,Asia/Tehran
XIJ,Ahmed Al Jaber AB,Asia/Kuwait
ATG,Kamra,Asia/Karachi
SGI,Sargodha,Asia/Karachi
RQW,Qayyarah,Asia/Baghdad
ENN,Nenana,America/Anchorage
WWA,Wasilla,America/Anchorage
IWK,Iwakuni,Asia/Tokyo
IEJ,Ie,Asia/Tokyo
AAV,Surallah,Asia/Manila
BPH,Bislig,Asia/Manila
MXI,Mexico City,Asia/Manila
BAT,Barretos,America/Sao_Paulo
QHP,Taubat,America/Sao_Paulo
TOQ,Tocopilla,America/Santiago
CNR,Chaaral,America/Santiago
TLX,Talca,America/Santiago
ZIC,Victoria,America/Santiago
TTC,Taltal,America/Santiago
API,Apiay,America/Bogota
CVE,Coveas,America/Bogota
PAL,La Dorada,America/Bogota
PZA,Paz De Ariporo,America/Bogota
TQS,Tres Esquinas,America/Bogota
RIJ,Rioja,America/Lima
JAE,Jaen,America/Lima
IKU,Tamchy,Asia/Bishkek
VYI,Vilyuisk,Asia/Yakutsk
BGN,Borovikovo,Asia/Srednekolymsk
GVN,Sovetskaya Gavan,Asia/Vladivostok
NLI,Nikolayevsk-na-Amure Airport,Asia/Vladivostok
VLK,Volgograd,Europe/Moscow
INA,Inta,Europe/Moscow
ZIX,Zhigansk,Asia/Yakutsk
RTC,Raipur,Asia/Kolkata
HIM,Polonnaruwa Town,Asia/Colombo
RDP,Durgapur,Asia/Kolkata
PUT,Puttaparthi,Asia/Kolkata
LNX,Smolensk,Europe/Moscow
ABH,Alpha,Australia/Brisbane
ARY,Albury,Australia/Melbourne
BLN,Ballarat,Australia/Melbourne
BZD,Bathurst,Australia/Sydney
BWQ,Bowen,Australia/Sydney
CVC,Currie,Australia/Adelaide
CWW,Camwood,Australia/Sydney
CYG,Cyclone,Australia/Melbourne
CMD,Commander,Australia/Sydney
DRN,Dirranbandi,Australia/Brisbane
DNQ,Deniliquin,Australia/Sydney
DYA,Dyarrah,Australia/Brisbane
ECH,East Kimberley,Australia/Melbourne
FRB,Forbes,Australia/Sydney
GUH,Guichen,Australia/Sydney
HXX,Horsham,Australia/Sydney
HTU,Victoria,Australia/Melbourne
KRA,Karumba,Australia/Melbourne
KPS,Kempsey,Australia/Sydney
KGY,King George Island,Australia/Brisbane
TGN,Morwell,Australia/Melbourne
MRG,Marlborough,Australia/Brisbane
RPM,Roper River,Australia/Darwin
QRM,New South Wales,Australia/Sydney
PPI,Penrith,Australia/Adelaide
SIO,Smithton,Australia/Hobart
SNB,Milikapiti,Australia/Darwin
SWC,Stawell,Australia/Melbourne
TYB,Tyler,Australia/Sydney
TUM,Tumut,Australia/Sydney
WGT,Westport,Australia/Melbourne
WKB,Warracknabeal,Australia/Melbourne
QRR,Warren,Australia/Sydney
SXE,Sale,Australia/Melbourne
WWY,West Wyalong,Australia/Sydney
NGA,Young,Australia/Sydney
LHK,Guanghua,Asia/Shanghai
WDS,Shiyan,Asia/Shanghai
HTT,Mengnai,Asia/Shanghai
UUN,Ratchakrut,Asia/Ulaanbaatar
BFU,Bengbu,Asia/Shanghai
RUG,Rugao,Asia/Shanghai
WHU,Wuhu,Asia/Shanghai
SXJ,Shanshan,Asia/Urumqi
YKH,Yingkou,Asia/Shanghai
BQG,Bogorodskoe,Asia/Vladivostok
HYD,Hyderabad,Asia/Kolkata
PKO,Parakou,Africa/Porto-Novo
KDC,Kandi,Africa/Porto-Novo
HMG,Hermannsburg,Australia/Darwin
BIB,Baidoa,Africa/Mogadishu
KCS,Petermann,Australia/Darwin
BMR,Baltrum,Europe/Berlin
MVW,Skagit,America/Los_Angeles
GOO,Goondiwindi,Australia/Brisbane
APT,Jasper,America/Chicago
DCU,Decatur,America/Chicago
GLW,Glasgow,America/Chicago
DKV,Docker River,Australia/Darwin
RNZ,Rensselaer,America/Chicago
SBT,Sabetta,Asia/Yekaterinburg
AXF,Alxa Left Banner,Asia/Shanghai
NIS,Simberi Island,Pacific/Port_Moresby
BUL,Bulolo,Pacific/Port_Moresby
TBR,Statesboro,America/New_York
AMT,Amata,Australia/Adelaide
EDD,Erldunda,Australia/Darwin
FIK,Finke,Australia/Darwin
JJG,Jaguaruna,America/Sao_Paulo
WKI,Hwange,Africa/Harare
KLJ,Klaipeda,Europe/Vilnius
ETB,WEST BEND,America/Chicago
GLR,GAYLORD,America/Detroit
AID,ANDERSON,America/Indiana/Indianapolis
QND,Novi Sad,Europe/Belgrade
GUU,Grundarfjordur,Atlantic/Reykjavik
PCD,Prairie du Chien,America/Chicago
OTJ,Otjiwarongo,Africa/Windhoek
TSM,Taos,America/Denver
RTN,Raton,America/Denver
PPA,Pampa,America/Chicago
FLP,Flippin,America/Chicago
BGD,Borger,America/Chicago
HLE,Longwood,Atlantic/St_Helena
BNJ,Sankt-Augustin,Europe/Berlin
NGK,Nogliki,Asia/Sakhalin
SQA,Santa Ynez,America/Los_Angeles
HXD,Haixi,Asia/Shanghai
BAR,Qionghai,Asia/Shanghai
ZBO,Bowen,Australia/Brisbane
UCB,Wulanchabu,Asia/Shanghai
KEO,Odienne,Africa/Abidjan
GII,Siguiri,Africa/Conakry
NZE,Nzerekore,Africa/Conakry
OCM,Brockman,Australia/Perth
WGN,Shaoyang,Asia/Shanghai
TXF,Teixeira de Freitas,America/Bahia
SPA,Spartangurg,America/New_York
BJW,Bajawa,Asia/Makassar
NBN,San Antonio de Pale,Africa/Malabo
OLL,Oyo,Africa/Brazzaville
PPF,Parsons,America/Chicago
PCQ,Phongsaly,Asia/Vientiane
AYS,Waycross,America/New_York
DSS,Diass,Africa/Dakar
PMH,Portsmouth,America/New_York
NAC,Naracoorte,Australia/Adelaide
PGZ,Ponta Grossa,America/Sao_Paulo
PQM,Palenque,America/Mexico_City
CUD,Caloundra,Australia/Brisbane
CLP,Clarks Point,America/Anchorage
JOJ,Doris Lake,America/Cambridge_Bay
ECI,Tola,America/Managua
QGQ,Attu,America/Nuuk
QPW,Kangaatsiaq,America/Nuuk
QJE,Kitsissuarsuit,America/Nuuk
XIQ,Ilimanaq,America/Nuuk
QQT,Qeqertaq,America/Nuuk
QJI,Ikamiut,America/Nuuk
QFG,Eqalugaarsuit,America/Nuuk
QRY,Ikerasaarsuk,America/Nuuk
NPR,Novo Progresso,America/Santarem
SMT,Sorriso,America/Cuiaba
ENO,Encarnacion,America/Asuncion
UZR,Urzhar,Asia/Almaty
NYR,Nyurba,Asia/Yakutsk
SUK,Batagay-Alyta,Asia/Yakutsk
UKG,Ust-Kuyga,Asia/Vladivostok
VHV,Verkhnevilyuysk,Asia/Yakutsk
DEE,Yuzhno-Kurilsk,Asia/Magadan
EKS,Shakhtyorsk,Asia/Sakhalin
TLK,Talakan,Asia/Yakutsk
RDB,Red Dog,America/Nome
ION,Impfondo,Africa/Brazzaville
EBH,El Bayadh,Africa/Algiers
ZIS,Zintan,Africa/Tripoli
MYZ,Monkey Bay,Africa/Blantyre
BCU,Bauchi,Africa/Lagos
GMO,Gombe,Africa/Lagos
KDA,Kolda,Africa/Dakar
SHO,Manzini,Africa/Mbabane
KIY,Kilwa Masoko,Africa/Dar_es_Salaam
QSI,Moshi,Africa/Dar_es_Salaam
MNS,Mansa,Africa/Lusaka
GZI,Ghazni,Asia/Kabul
DBC,Baicheng,Asia/Shanghai
LNL,Longnan,Asia/Shanghai
SQD,Shangrao,Asia/Shanghai
YSQ,Songyuan,Asia/Shanghai
JSJ,Jiansanjiang,Asia/Shanghai
WMT,Zunyi,Asia/Shanghai
LLB,Libo,Asia/Shanghai
CDE,Chengde,Asia/Shanghai
DTU,Wudalianchi,Asia/Shanghai
EJN,Ejin Banner,Asia/Shanghai
RHT,Alxa Right Banner,Asia/Shanghai
HUO,Holingol,Asia/Shanghai
GMQ,Golog,Asia/Shanghai
QSZ,Yarkant,Asia/Urumqi
TEI,Tezu,Asia/Kolkata
CWJ,Cangyuan,Asia/Shanghai
JMJ,Lancang Lahu,Asia/Shanghai
NLH,Ninglang,Asia/Shanghai
PBQ,Pimenta Bueno,America/Porto_Velho
WUT,Xinzhou,Asia/Shanghai
NZL,Zhalantun,Asia/Shanghai
AIP,Adampur,Asia/Kolkata
VDY,Toranagallu,Asia/Kolkata
SAG,Shirdi,Asia/Kolkata
PYB,Jeypore,Asia/Kolkata
SUP,Sumenep,Asia/Jakarta
RKO,Sipora,Asia/Jakarta
PPR,Pasir Pangaraian,Asia/Jakarta
TJB,Tanjung Balai Karimun,Asia/Jakarta
KRC,Kerinci Regency,Asia/Jakarta
NRE,Buru Island,Asia/Jayapura
NAM,Namlea,Asia/Jayapura
DOB,Dobo,Asia/Jayapura
SQN,Sanana,Asia/Jayapura
AYW,Ayawasi,Asia/Jayapura
BYQ,Bunyu,Asia/Makassar
UOL,Buol,Asia/Makassar
RAQ,Raha,Asia/Makassar
JSK,Jask,Asia/Tehran
ZBY,Sainyabuli,Asia/Vientiane
BGL,Baglung,Asia/Kathmandu
RJB,Rajbiraj,Asia/Kathmandu
DQM,Duqm,Asia/Muscat
CKI,Croker Island,Australia/Darwin
BYP,Barimunya,Australia/Perth
LUC,Laucala,Pacific/Fiji
YAS,Yasawa Island,Pacific/Fiji
WIK,Waiheke Island,Pacific/Auckland
DEX,Dekai,Asia/Jayapura
NAU,Napuka,Pacific/Tahiti
FAC,Faaite,Pacific/Tahiti
NUK,Nukutavake,Pacific/Tahiti
VHZ,Vahitahi,Pacific/Tahiti
HHZ,Hikueru,Pacific/Tahiti
RRR,Raroia,Pacific/Tahiti
KHZ,Kauehi,Pacific/Tahiti
TKV,Tatakoto,Pacific/Tahiti
TDS,Sasereme,Pacific/Port_Moresby
TMH,Boven Digoel,Asia/Jayapura
NKB,Noonkanbah,Australia/Perth
AEI,Algeciras,Europe/Madrid
KSE,Kasese,Africa/Kampala
NCJ,Sunchales,America/Argentina/Cordoba
IST,Istanbul,Europe/Istanbul
SOV,Seldovia,America/Anchorage
YSG,Lutselk'e,America/Edmonton
DWA,Dwangwa,Africa/Blantyre
HGI,Higleig,Africa/Juba
KQH,Ajmer,Asia/Kolkata
CNN,Kannur,Asia/Kolkata
ZCO,Temuco,America/Santiago
ASS,Arathusa,Africa/Johannesburg
VDI,Vidalia,America/New_York
ISB,Islamabad,Asia/Karachi
MHE,Mitchell,America/Chicago
GIT,Geita,Africa/Dar_es_Salaam
GID,Gitega,Africa/Bujumbura
RMU,Murcia,Europe/Madrid
CQS,COSTA MARQUES,America/Porto_Velho
ZXT,Baku,Asia/Baku
JAM,Yambol,Europe/Sofia
YUA,Yuanmou,Asia/Shanghai
XEN,Huludao,Asia/Shanghai
GEC,Geitkale,Asia/Famagusta
MBI,Mbeya,Africa/Dar_es_Salaam
UGU,Sugapa-Papua Island,Asia/Jayapura
ETM,Eilat,Asia/Jerusalem
MNH,Al Masna'ah,Asia/Muscat
CGY,Cagayan de Oro City,Asia/Manila
CPO,Copiapo,America/Santiago
